lattice,version,AR,Asp,CA,EC,EL,EO,KSM,NP,NEO,NR,NU,energy,hand,additive
1,hand_drawn,1.0,1.0,1.0,1.0,1.0,1.0,1.0,0.625,1.0,0.25,1.0,694.8958333333334,0.0,True
1,sup_inf_attribute,1.0,0.0006460082218466,1.0,1.0,0.8698821946411573,0.999177344526842,0.9470565617751564,0.625,1.0,0.2126047621168876,0.4,668.4931482364691,0.19,True
1,sup_inf_doubly,1.0,0.0012952442633104,1.0,1.0,0.8698819356873954,0.9983508754064874,0.947056444562578,0.625,1.0,0.212604667401203,0.4,668.4926967607801,0.19,True
1,dim_draw,1.0,1.5700924586837754e-16,1.0,1.0,1.0,1.0,1.0,0.625,1.0,0.25,0.4,694.8958333333334,0.00,True
1,dim_flux,1.0,1.5700924586837754e-16,1.0,1.0,0.8698820212634033,1.0,0.9470564832977468,0.625,1.0,0.2126047051335722,0.4,668.4932644783294,0.19,True
2,hand_drawn,0.75,0.5,1.0,1.0,0.8739280816353336,0.3333333333333333,0.9362234452896204,0.8461538461538461,1.0,0.25,0.6,1229.9631347385857,0.0,True
2,sup_inf_attribute,0.6793719402748072,0.3693679142935902,1.0,1.0,0.9285875860762663,0.3958023416495609,0.8947083067527973,0.8461538461538461,1.0,0.222208011990276,0.6,1301.8726321519762,0.62,True
2,sup_inf_doubly,0.679372039220328,0.369367941520811,1.0,1.0,0.928587571928257,0.3956293984208427,0.8947083016581795,0.8461538461538461,1.0,0.2222080549719123,0.6,1301.8721382523981,0.62,True
2,dim_draw,0.5615011254329967,0.4,1.0,1.0,0.8114195153035549,0.5008878885040031,0.8754947639142114,0.8461538461538461,1.0,0.1999999999999999,0.6,1338.7740322205207,0.73,True
2,dim_flux,0.6793720398985116,0.3693679523431076,1.0,1.0,0.9285875955572966,0.3961137423124342,0.8947083146152393,0.8461538461538461,1.0,0.2222080623075174,0.6,1301.87296977699,0.62,True
3,hand_drawn,0.75,0.625,1.0,1.0,0.7881736857080591,0.3333333333333333,0.8381372100012934,0.8461538461538461,1.0,0.25,0.8,1127.2016312483988,0.0,True
3,sup_inf_attribute,0.9400216157849484,0.6179766738414819,1.0,1.0,0.9078103196985088,0.4223103275323246,0.8835518847028875,0.8461538461538461,1.0,0.2941967447354093,0.4,1125.8626541082,1.83,True
3,sup_inf_doubly,0.6817315845969774,0.4836256708280787,1.0,1.0,0.9175321034207335,0.5257234572759752,0.8989558868917147,0.8461538461538461,1.0,0.3095531315374663,0.8,1136.7893803318887,1.80,True
3,dim_draw,0.6557505627164986,0.6,1.0,1.0,0.7474464010011093,0.4171106109186682,0.7894051144217746,0.7142857142857143,1.0,0.2,0.6,1206.7581165848292,0.57,True
3,dim_flux,0.6923642460283086,0.4843890429041542,1.0,1.0,0.9214253464771344,0.5083020032588281,0.8998872091331798,0.8461538461538461,1.0,0.3055418189361697,0.8,1138.4017054123751,1.84,True
4,hand_drawn,0.5,0.6666666666666666,1.0,1.0,0.8590692997500945,0.4285714285714286,0.782990370500236,0.4444444444444444,1.0,0.3333333333333333,0.6,1484.9798440303553,0.0,True
4,sup_inf_attribute,0.6851956190932299,0.655347697517284,1.0,1.0,0.8378820240414758,0.5830232645255744,0.7881639269884024,0.4444444444444444,1.0,0.2528154141083952,0.6,1582.2075008009656,0.68,True
4,sup_inf_doubly,0.5465689815892714,0.7046764152704384,1.0,1.0,0.8613405981987154,0.4990538363141708,0.7683784377889521,0.5294117647058824,1.0,0.2606009009769056,0.6,1490.79693553189,0.70,True
4,dim_draw,0.5,0.8,1.0,1.0,0.8037542076411595,0.4285714285714286,0.7693016669904021,0.4444444444444444,1.0,0.2000000000000001,0.6,1510.449456023749,0.97,True
4,dim_flux,0.5174018556947297,0.7008296293718342,1.0,1.0,0.8662106824342479,0.4777716630842478,0.7710336338940971,0.5294117647058824,1.0,0.2809354189298261,0.6,1477.8036076707374,0.67,True
5,hand_drawn,0.75,0.5,1.0,1.0,0.8739280816353336,0.3333333333333333,0.935121057851215,0.7142857142857143,1.0,0.25,0.6,1279.170443832406,0.0,True
5,sup_inf_attribute,0.6447052816798429,0.375903983764162,1.0,1.0,0.9482515734951744,0.4266274762653633,0.925586343861036,0.7142857142857143,1.0,0.2652491247274651,0.6,1398.8291860022496,0.39,True
5,sup_inf_doubly,0.6447053176641608,0.3759040022611442,1.0,1.0,0.9482515826394038,0.4184733188871413,0.9255863493492068,0.7142857142857143,1.0,0.2652491309755836,0.6,1398.553807362718,0.44,True
5,dim_draw,0.5615011254329967,0.4000000000000001,1.0,1.0,0.811419515303555,0.5008878885040029,0.8888372613492967,0.7142857142857143,1.0,0.1999999999999999,0.6,1453.1031792194237,0.50,True
5,dim_flux,0.6447052288107799,0.3759039534563991,1.0,1.0,0.9482515658847848,0.426928685501529,0.9255863350190832,0.7142857142857143,1.0,0.265249116734905,0.6,1398.8295562610738,0.39,True
6,hand_drawn,0.75,0.75,1.0,1.0,0.9376418836425944,0.125,0.8953381309828916,0.7647058823529411,1.0,0.2425356250363329,0.7142857142857143,1933.2728248426458,0.0,False
6,sup_inf_attribute,0.7185169937303307,0.6861723356145483,1.0,1.0,0.9517285515285756,0.1447963121085917,0.8801073777171344,0.7647058823529411,1.0,0.2741325868491961,0.7142857142857143,2016.1171595664491,0.70,True
6,sup_inf_doubly,0.7185167240488504,0.6099721301516061,1.0,1.0,0.9517285255003436,0.2702843160039109,0.8801072761429249,0.7647058823529411,1.0,0.2741324429031614,0.5714285714285714,2100.749024638368,0.97,True
6,dim_draw,0.6557505627164981,0.6666666666666667,1.0,1.0,0.7896265500686627,0.2506659163780024,0.8649177071746188,0.7647058823529411,1.0,0.1666666666666666,0.7142857142857143,2147.220584730151,1.67,True
6,dim_flux,0.7185167487523152,0.6143245899379467,1.0,1.0,0.9517284506295264,0.2577701870769336,0.8801072840129183,0.7647058823529411,1.0,0.2741324574472776,0.5714285714285714,2097.323667853861,0.92,True
7,hand_drawn,0.5,0.625,1.0,1.0,0.8072353309716164,0.375,0.7738820966282215,0.4285714285714285,1.0,0.25,0.5714285714285714,2275.2518163230247,0.0,True
7,sup_inf_attribute,0.5644723117561998,0.5976324456181206,1.0,1.0,0.8515125788749636,0.5223734040569883,0.8032057830596073,0.5789473684210527,1.0,0.2946012193881398,0.7142857142857143,2199.58928630446,1.43,True
7,sup_inf_doubly,0.53914628801563,0.6553579615091418,1.0,1.0,0.8740530492090379,0.4346978630468906,0.8001485708678493,0.4285714285714285,1.0,0.2523085208425868,0.5714285714285714,2113.7379463120083,1.92,True
7,dim_draw,0.5,0.8333333333333336,1.0,1.0,0.731476909740667,0.3731073756598062,0.7441230582787631,0.4285714285714285,1.0,0.1666666666666664,0.5714285714285714,2173.0417769559403,1.07,True
7,dim_flux,0.5424408375655648,0.648422112209662,1.0,1.0,0.8734205038204249,0.4322682323647707,0.8010744208769033,0.4285714285714285,1.0,0.2495862687245054,0.5714285714285714,2122.944964168497,2.01,True
8,hand_drawn,0.625,0.5,1.0,1.0,0.8626300335020142,0.4,0.8249124165652475,0.5,1.0,0.25,0.7142857142857143,3551.361361870483,0.0,True
8,sup_inf_attribute,0.7902751807910448,0.5498412518506887,1.0,1.0,0.9859209700929588,0.5586641334962754,0.8452233609242573,0.44,1.0,0.3054651526419252,0.8571428571428572,3194.2214813054197,1.01,True
8,sup_inf_doubly,0.7799301734088937,0.6377858423286239,1.0,1.0,0.929859028983671,0.4908737339466023,0.8442984991314718,0.5652173913043478,1.0,0.3054304685880458,0.4285714285714286,3141.288890670226,1.33,True
8,dim_draw,0.6538579383763043,0.8571428571428573,1.0,1.0,0.7772792644287745,0.2733527172522445,0.8169827734817314,0.5652173913043478,1.0,0.1428571428571428,0.8571428571428572,3184.1019461456003,1.59,True
8,dim_flux,0.7808736236724658,0.637824608643365,1.0,1.0,0.9298270680917036,0.4962353567171869,0.8442929520366549,0.5652173913043478,1.0,0.3054384437210083,0.4285714285714286,3142.138026931112,1.26,True
9,hand_drawn,0.5,0.5,1.0,0.9607843137254902,0.8648653424108975,0.3846153846153846,0.7584091852789804,0.2941176470588235,1.0,0.25,0.75,5889.180348695309,0.0,True
9,sup_inf_attribute,0.5481945948833732,0.5458017533749131,0.9036107927799376,0.9607843137254902,0.8660369163338909,0.443668785721338,0.761136614526368,0.3333333333333333,1.0,0.2203779397745644,0.75,5738.813322913445,0.45,True
9,sup_inf_doubly,0.5481946215668153,0.5457894629967555,0.9036107560329482,0.9607843137254902,0.8660368919173963,0.4436931795615672,0.7611366318188888,0.3333333333333333,1.0,0.2203779490098076,0.75,5738.812936887761,0.45,True
9,dim_draw,0.5577158767526091,0.7500000000000004,0.8845682464947819,0.9607843137254902,0.7564721292856172,0.4556503098493647,0.7636023313060704,0.3333333333333333,1.0,0.125,0.75,5978.348092321398,2.02,True
9,dim_flux,0.5481946216713767,0.5456684355845923,0.9036107559448312,0.9607843137254902,0.8660368916631564,0.4439318417249847,0.7611366326919209,0.3333333333333333,1.0,0.220377948706279,0.75,5738.813586263714,0.45,True
10,hand_drawn,0.5,0.75,1.0,1.0,0.7080438490989563,0.3333333333333333,0.7429689285003748,0.7142857142857143,1.0,0.25,0.8,1055.4822219670525,0.0,True
10,sup_inf_attribute,0.6547280975197007,0.9914211973232728,1.0,1.0,0.8388316847576931,0.3274092199942245,0.8225551500047971,0.8461538461538461,1.0,0.3780906987330113,1.0,845.8392276733907,3.50,True
10,sup_inf_doubly,0.5145880428842613,0.8023942182845764,1.0,1.0,0.8413708709605066,0.3672102517152007,0.8630046981906945,1.0,1.0,0.3583964004627003,0.8,900.6696665493547,2.44,True
10,dim_draw,0.4660249801873034,0.8000000000000002,1.0,1.0,0.6677041525958967,0.455587862087074,0.6863001465520107,0.7142857142857143,1.0,0.2,0.4,1153.2449424218064,0.78,True
10,dim_flux,0.5403815246169406,0.7389220864605628,1.0,1.0,0.7518660266900606,0.3812625007777729,0.7982376322286114,0.7142857142857143,1.0,0.3188637228369386,0.8,980.4240971771465,0.94,True
11,hand_drawn,0.5,0.6666666666666666,1.0,1.0,0.8739280816353336,0.3333333333333333,0.8898064400736305,1.0,1.0,0.3333333333333333,1.0,926.8240473238249,0.0,True
11,sup_inf_attribute,0.6596748356159515,0.693947073873835,1.0,1.0,0.7841747817271957,0.4791447373913186,0.8141641612512776,0.8461538461538461,1.0,0.3115578826551022,0.8,968.0447645753057,1.56,True
11,sup_inf_doubly,0.5121741536854529,0.6686737174721322,1.0,1.0,0.9004446851757854,0.3494644992646961,0.8999100980516667,1.0,1.0,0.3571289966054133,1.0,912.4975016694318,0.12,True
11,dim_draw,0.5,0.8,1.0,1.0,0.7319441508020811,0.3333333333333333,0.8289677419726574,1.0,1.0,0.2,1.0,1015.4198367095124,0.94,True
11,dim_flux,0.495499589979183,0.6599489883886928,1.0,1.0,0.8735718630846327,0.3496464003896173,0.8865087534381841,1.0,1.0,0.3315127664214903,1.0,932.0597856072495,0.12,True
12,hand_drawn,0.4375,0.8333333333333334,1.0,1.0,0.8078667748011418,0.2857142857142857,0.7332936066129274,0.4444444444444444,1.0,0.3333333333333333,0.8,1259.0411745410627,0.0,True
12,sup_inf_attribute,0.7488522536107589,0.8820039790190229,1.0,1.0,0.7766612726029518,0.3181190546345378,0.7239848922360465,0.5294117647058824,1.0,0.3053249433028234,0.6,1089.662710371668,3.25,True
12,sup_inf_doubly,0.5844785552717381,0.9705855772033548,1.0,1.0,0.8484533016359261,0.3181955805178423,0.7593974808825882,0.5294117647058824,1.0,0.3733067782713562,0.8,1080.8830905680359,1.87,True
12,dim_draw,0.5137630528101498,1.0,1.0,1.0,0.7565134242297153,0.2835512864683501,0.7200169431224035,0.4444444444444444,1.0,0.3587657610295729,0.8,1211.6686329903273,1.03,True
12,dim_flux,0.5964808644444116,0.9751527194337292,1.0,1.0,0.8372040405712955,0.2939253513938521,0.7545433251359898,0.5294117647058824,1.0,0.3680511130700076,0.8,1095.6628080193118,1.69,True
13,hand_drawn,0.625,1.0,1.0,1.0,0.7692307692307692,0.0,0.7409655286475014,0.5789473684210527,1.0,0.3535533905932738,0.5714285714285714,1766.3439474984834,0.0,True
13,sup_inf_attribute,0.687506905509522,0.9857975998174008,1.0,1.0,0.8323362690018077,0.3247163570298098,0.7534315439212455,0.5789473684210527,1.0,0.3465679875398395,0.7142857142857143,1626.6761970226862,1.98,True
13,sup_inf_doubly,0.5754741592804874,0.9400530010715508,1.0,1.0,0.854990844895421,0.2771971412195585,0.777300890018738,0.5789473684210527,1.0,0.3730838924733067,0.7142857142857143,1620.6856135648802,1.37,True
13,dim_draw,0.521917701272431,0.9999999999999998,1.0,1.0,0.6845708376463943,0.2336661098678699,0.6816359374929919,0.5789473684210527,1.0,0.3004626062886657,0.5714285714285714,1939.0982260868352,1.67,True
13,dim_flux,0.5756837526413847,0.9419768939788582,1.0,1.0,0.8594460025652227,0.2796925493278038,0.7779667226823103,0.5789473684210527,1.0,0.3761918675678812,0.8571428571428572,1614.7169251521143,1.42,True
14,hand_drawn,0.5,0.625,1.0,1.0,0.7881736857080591,0.3333333333333333,0.8381372100012934,0.8461538461538461,1.0,0.25,0.6,1127.2016312483988,0.0,True
14,sup_inf_attribute,0.6289658050445319,0.6174749762435745,1.0,1.0,0.8962254871318577,0.3754504171550212,0.8794554083368248,0.8461538461538461,1.0,0.304446081749108,0.6,1062.2942070302283,2.52,True
14,sup_inf_doubly,0.5236512411786511,0.4977132695483848,1.0,1.0,0.9165165774964188,0.5066359037705421,0.9054345953862896,0.8461538461538461,1.0,0.3110434349327015,0.6,1121.477347273011,1.89,True
14,dim_draw,0.4371670418109987,0.6,1.0,1.0,0.7474464010011093,0.4171106109186683,0.7894051144217745,0.7142857142857143,1.0,0.1999999999999999,0.6,1206.7581165848292,0.57,True
14,dim_flux,0.5231771086520796,0.4843928795055895,1.0,1.0,0.9214253896014958,0.5083023704865455,0.899889356469159,0.8461538461538461,1.0,0.305543707172991,0.8,1138.39792900359,1.84,True
15,hand_drawn,0.5778752813582491,0.8,1.0,1.0,0.7978243857009885,0.1878329581890012,0.8001736802685522,0.875,1.0,0.2382615347721177,0.7142857142857143,1926.3392305011525,0.0,False
15,sup_inf_attribute,0.6790555125067644,0.6443180173471047,1.0,1.0,0.9057979793104504,0.3895768399514825,0.8580298276529107,0.875,1.0,0.2957227241220213,0.8571428571428572,1793.678884785915,2.28,True
15,sup_inf_doubly,0.6220146957299322,0.7282494551459145,1.0,1.0,0.9523200606234882,0.3589584209194539,0.8753268243976806,0.875,1.0,0.3057225439779067,0.5714285714285714,1785.5772354062622,2.31,True
15,dim_draw,0.5608877714519009,0.8333333333333336,1.0,1.0,0.7586003559306363,0.2336784064716542,0.7958121107449004,0.6666666666666666,1.0,0.1666666666666666,0.7142857142857143,1966.3244004685075,1.16,True
15,dim_flux,0.6174553640210829,0.7379705786664396,1.0,1.0,0.9372786389130678,0.3444150310460389,0.8706525391254014,0.875,1.0,0.2843350174949889,0.8571428571428572,1788.360942092839,2.28,True
16,hand_drawn,0.4375,0.625,1.0,1.0,0.7728431410975932,0.375,0.8004042396100421,0.7647058823529411,1.0,0.25,0.5714285714285714,1959.316130767968,0.0,True
16,sup_inf_attribute,0.6552418680287959,0.8859700601690839,1.0,1.0,0.8950296809427815,0.3557469621683649,0.8643121257007504,0.875,1.0,0.2565438388196492,0.5714285714285714,1448.4553781087563,3.66,True
16,sup_inf_doubly,0.6348500442743561,0.9596046881739496,1.0,1.0,0.9320230026370548,0.3346620681868658,0.8892263769066187,0.875,1.0,0.3264096513439576,0.8571428571428572,1553.6956822870757,2.77,True
16,dim_draw,0.5995187351404776,0.8333333333333336,1.0,1.0,0.7379252045835127,0.2481073756598062,0.8030356326436042,0.6666666666666666,1.0,0.1666666666666666,0.7142857142857143,1818.9607528287731,1.64,True
16,dim_flux,0.6387970378334258,0.9454180229021354,1.0,1.0,0.923883730338758,0.2855417539755013,0.8865627253658452,0.875,1.0,0.3207740571039205,0.8571428571428572,1573.7253426570292,2.65,True
17,hand_drawn,0.625,1.0,1.0,1.0,0.823529411764706,0.0,0.7982446839904773,0.875,1.0,0.2236067977499789,0.7142857142857143,1808.1677528288021,0.0,True
17,sup_inf_attribute,0.6580539245712997,0.9375829799230924,1.0,1.0,0.841380727426635,0.2008458052594256,0.8106929927690456,0.6666666666666666,1.0,0.2866491504989847,0.7142857142857143,1680.9124101065952,1.70,True
17,sup_inf_doubly,0.5994307189964116,0.8885849763574223,1.0,1.0,0.9109031519222912,0.3034482038880813,0.8277579362185257,0.875,1.0,0.3602879710576834,0.7142857142857143,1590.8180885608544,1.54,True
17,dim_draw,0.5608877714519009,0.9999999999999998,1.0,1.0,0.7677302629753899,0.1545238547543068,0.8060249814041114,0.5,1.0,0.2963744891819094,0.5714285714285714,1804.5038534409778,1.67,True
17,dim_flux,0.5897447556671419,0.8589498630005197,1.0,1.0,0.91653628659464,0.3057993481251417,0.8282470252358112,0.875,1.0,0.3611453311897279,0.7142857142857143,1608.2591857444338,1.64,True
18,hand_drawn,0.6666666666666667,1.0,1.0,1.0,0.859375,0.0,0.8216699198992292,0.6363636363636364,1.0,0.3535533905932738,0.7142857142857143,2683.2659212477233,0.0,True
18,sup_inf_attribute,0.7127751933466073,0.9206044124373396,1.0,1.0,0.9444901884958534,0.2409526467806715,0.8626203731838267,0.8,1.0,0.3735719230390508,0.8571428571428572,2494.8693699040255,2.09,True
18,sup_inf_doubly,0.6951425613389053,0.9133760875032182,1.0,1.0,0.9574571891920514,0.2370981637658975,0.8698419941122064,0.8,1.0,0.3760137959695956,0.8571428571428572,2504.621334102674,1.97,True
18,dim_draw,0.6293616132761213,0.9999999999999998,1.0,1.0,0.8299256391292523,0.0934664439471479,0.8115991289034333,0.6363636363636364,1.0,0.2568848919569542,0.7142857142857143,2761.406947715715,1.32,True
18,dim_flux,0.6982426318687784,0.9245694560050748,1.0,1.0,0.9549849614522,0.2256447632907436,0.8691046382323597,0.8,1.0,0.3720821783958464,0.8571428571428572,2504.548727667267,1.85,True
19,hand_drawn,0.375,1.0,1.0,1.0,0.7492123302924697,0.4285714285714286,0.7084799424025126,0.3,1.0,0.3333333333333333,0.6,1281.7637134554247,0.0,True
19,sup_inf_attribute,0.4715498440117879,0.7844625485128675,1.0,1.0,0.7371355936742366,0.6103687034262782,0.6331741590595661,0.3,1.0,0.2245449664268703,0.6,1509.2237910759936,1.97,True
19,sup_inf_doubly,0.4330447300076278,0.7728234826046745,1.0,1.0,0.7200306860764624,0.5195041074623592,0.6896322359051008,0.3,1.0,0.2379776171885148,0.6,1153.3261521406155,0.80,True
19,dim_draw,0.4182869075644565,0.8333333333333334,1.0,1.0,0.7287628226053364,0.4945324305744102,0.6809966125009244,0.3,1.0,0.1666666666666666,0.6,1222.8214492419502,0.83,True
19,dim_flux,0.3776284590776043,0.9473774934782078,1.0,1.0,0.7432350381809074,0.4485595254406496,0.7003411077228312,0.3,1.0,0.2633802205466675,0.6,1153.769792344678,0.32,True
20,hand_drawn,0.1169686955660542,0.875,1.0,1.0,0.7257614042309944,0.2889895651886847,0.7083366290088497,0.5,1.0,0.2499999999999999,0.5714285714285714,2023.5018857125574,0.0,True
20,sup_inf_attribute,0.3352117420328989,0.8941443853107687,1.0,1.0,0.7746546028391377,0.356858824586603,0.7310644558898615,0.5,1.0,0.2450510748096549,0.7142857142857143,1786.7468831326619,2.99,True
20,sup_inf_doubly,0.4223164826081397,0.9533183234245332,1.0,1.0,0.8947887157594268,0.4815564064541845,0.8079845021450847,0.6666666666666666,1.0,0.3736311436027875,0.7142857142857143,1486.0563147647395,3.44,True
20,dim_draw,0.2610724405650344,0.9999999999999998,1.0,1.0,0.729250808675739,0.2974407226944462,0.6940414563479171,0.5789473684210527,1.0,0.1643989873053573,0.7142857142857143,1860.1208767574533,1.71,True
20,dim_flux,0.3317686152779089,0.9647005382419236,1.0,1.0,0.8648616542558369,0.373389980820593,0.7950002681821411,0.7647058823529411,1.0,0.3685067282420813,0.7142857142857143,1524.8990290793836,3.05,True
21,hand_drawn,0.5625,0.6666666666666666,1.0,1.0,0.7827223434888865,0.4,0.7487722534904142,0.5,1.0,0.1666666666666666,0.7142857142857143,3309.973385166488,0.0,True
21,sup_inf_attribute,0.7369831990066269,0.736812567972142,1.0,1.0,0.8786848704800009,0.586115286317567,0.7761417992298544,0.6363636363636364,1.0,0.272597342156594,0.7142857142857143,2629.001339727454,1.99,True
21,sup_inf_doubly,0.725285372080068,0.8742311380427565,1.0,1.0,0.8466892579090491,0.5243272319186445,0.7881105144676153,0.6363636363636364,1.0,0.2798197679137242,0.8571428571428572,2579.1186626816416,2.12,True
21,dim_draw,0.5963754264756498,0.8749999999999999,1.0,1.0,0.7890657764503898,0.2361337882406933,0.747443597405036,0.5652173913043478,1.0,0.125,0.7142857142857143,2816.6930417992894,2.15,True
21,dim_flux,0.7268600512454773,0.8804269862880553,1.0,1.0,0.8476616456618136,0.5224692132811846,0.7882465786118497,0.6363636363636364,1.0,0.2816528517960242,0.8571428571428572,2569.345876031399,2.20,True
22,hand_drawn,0.2951672353008664,1.0,1.0,1.0,0.8726779962499649,0.2951672353008665,0.6910477527347507,0.1666666666666666,1.0,0.3333333333333333,0.6,1526.098143786741,0.0,True
22,sup_inf_attribute,0.4005326139425045,0.8348888232682944,1.0,1.0,0.784121706632823,0.4081573618779593,0.6453102121727826,0.4,1.0,0.2889737788316927,0.6,1471.9720304670195,2.59,True
22,sup_inf_doubly,0.3579140731489322,0.7178555200999734,1.0,1.0,0.8147329712131023,0.3579140731489323,0.6796020069055346,0.2727272727272727,1.0,0.2917076391568005,0.6,1266.867958673027,1.17,True
22,dim_draw,0.3154779935709219,0.8333333333333334,1.0,1.0,0.8447498499149687,0.3154779935709222,0.6907013390508767,0.2727272727272727,1.0,0.3333333333333331,0.8,1369.34730581585,0.67,True
22,dim_flux,0.380498666612149,0.7390317146115657,1.0,1.0,0.8148448538480447,0.3804986666121612,0.6776261524893785,0.2727272727272727,1.0,0.2586538240635819,0.6,1297.937231531475,0.92,True
23,hand_drawn,0.375,0.6666666666666666,1.0,1.0,0.8590692997500945,0.4285714285714286,0.782990370500236,0.3684210526315789,1.0,0.3333333333333333,0.6,1484.9798440303553,0.0,True
23,sup_inf_attribute,0.5028198020697592,0.6536129516868849,1.0,1.0,0.8411968782889209,0.5737635566149751,0.7322008366567903,0.4444444444444444,1.0,0.240237927829132,0.6,1509.4999583322403,1.11,True
23,sup_inf_doubly,0.4177678113162282,0.7123596769425421,1.0,1.0,0.8596321227712771,0.4815554135929605,0.7784466004757828,0.5294117647058824,1.0,0.2804667883848958,0.6,1461.6620505040416,0.48,True
23,dim_draw,0.375,0.8,1.0,1.0,0.8037542076411595,0.4285714285714286,0.769301666990402,0.3684210526315789,1.0,0.1999999999999999,0.6,1510.4494560237492,0.97,True
23,dim_flux,0.4383342464300616,0.7040049503215097,1.0,1.0,0.8637367266422551,0.4851969779344444,0.7703384534101101,0.5294117647058824,1.0,0.2816894152886033,0.6,1470.4205845456036,0.62,True
24,hand_drawn,0.5625,1.0,1.0,1.0,0.90228625680125,0.2222222222222222,0.7690823238023475,0.5238095238095238,1.0,0.3162277660168379,0.7142857142857143,2038.2796268255458,0.0,False
24,sup_inf_attribute,0.6318581457952601,0.8244738441216842,1.0,1.0,0.8605218381163825,0.3644819535285633,0.7600282883921523,0.5238095238095238,1.0,0.2079140956124612,0.7142857142857143,1810.4765574310495,1.80,True
24,sup_inf_doubly,0.5828422662124919,0.909550329411444,1.0,1.0,0.8896162163417781,0.2606732855987617,0.7754842898960447,0.6,1.0,0.2607871043546859,0.7142857142857143,1921.723602414982,0.72,True
24,dim_draw,0.4678229827295735,0.9999999999999998,1.0,1.0,0.8025113917588065,0.2627203510738101,0.7757785218711961,0.5238095238095238,1.0,0.2963744891819094,0.7142857142857143,2035.0278655351772,2.08,True
24,dim_flux,0.5837975280033352,0.9102839870444168,1.0,1.0,0.8871518081775296,0.2938944361140281,0.7793362091931594,0.6,1.0,0.256645439033714,0.7142857142857143,1923.6172184580905,0.72,True
25,hand_drawn,0.2048327646991335,1.0,1.0,1.0,0.7729483253898413,0.3788517254886963,0.6707145524354283,0.28,1.0,0.3333333333333333,0.5714285714285714,2322.7808701326826,0.0,True
25,sup_inf_attribute,0.2944911897731591,0.9996302270046284,1.0,1.0,0.8028666921456525,0.4672700487888384,0.6723964871174232,0.3333333333333333,1.0,0.2377572357390954,0.7142857142857143,2041.8992318823778,2.57,True
25,sup_inf_doubly,0.3519714270720777,0.8393436026426611,1.0,1.0,0.8424024438050352,0.4137661561072266,0.698973141033689,0.3333333333333333,1.0,0.3026190275773438,0.7142857142857143,1855.8378578343788,2.90,True
25,dim_draw,0.3154779935709225,0.8571428571428571,1.0,1.0,0.7688468940687502,0.3065722151046008,0.6757005111179026,0.391304347826087,1.0,0.2568848919569542,0.5714285714285714,2104.6379648317493,2.06,True
25,dim_flux,0.3637290451856175,0.8515498694486232,1.0,1.0,0.8533127224200111,0.4190983092630582,0.69748430078251,0.391304347826087,1.0,0.3080267386919126,0.8571428571428572,1853.884439652744,3.20,True
26,hand_drawn,0.5,0.5,1.0,1.0,0.8739280816353336,0.3333333333333333,0.9362234452896204,0.8461538461538461,1.0,0.25,0.6,1229.9631347385857,0.0,True
26,sup_inf_attribute,0.4529145070565511,0.3693677735011073,1.0,1.0,0.928587534607354,0.395986851345541,0.8947082645341401,0.8461538461538461,1.0,0.2222079991903168,0.6,1301.873054870321,0.62,True
26,sup_inf_doubly,0.4529146370120211,0.3693678770275311,1.0,1.0,0.9285875186833163,0.3959129870265446,0.8947082682599217,0.8461538461538461,1.0,0.2222080183695439,0.6,1301.8728852976838,0.62,True
26,dim_draw,0.3743340836219975,0.4,1.0,1.0,0.8114195153035549,0.5008878885040031,0.8754947639142113,0.8461538461538461,1.0,0.1999999999999999,0.6,1338.7740322205204,0.73,True
26,dim_flux,0.4529146932651716,0.3693679523416487,1.0,1.0,0.9285875955575004,0.3961137423131045,0.8947083146151208,0.8461538461538461,1.0,0.2222080623092239,0.6,1301.8729697791873,0.62,True
27,hand_drawn,0.75,0.5,1.0,1.0,1.0,0.0,0.9041281895891492,0.875,1.0,0.3535533905932738,0.7142857142857143,1898.2249899934075,0.0,True
27,sup_inf_attribute,0.6162696839451927,0.3766463664316492,1.0,1.0,0.9999999999570128,0.1783070880742556,0.9001657587429268,0.875,1.0,0.3129359090733677,0.8571428571428572,2110.768253794626,0.62,True
27,sup_inf_doubly,0.6162697025602428,0.376642657314812,1.0,1.0,0.9999999811992756,0.1783070815854366,0.9001657595361228,0.875,1.0,0.3129359026866712,0.8571428571428572,2110.76825176892,0.62,True
27,dim_draw,0.5615011254329967,0.3333333333333334,1.0,1.0,1.0,0.2513318327560047,0.8893756762880818,0.875,1.0,0.3004626062886657,0.7142857142857143,2203.6811365625754,0.83,True
27,dim_flux,0.6162696838338323,0.3764512355297769,1.0,1.0,0.9999999999999998,0.1783070882215567,0.9001657587249207,0.875,1.0,0.3129359090660159,0.7142857142857143,2110.7684135979384,0.62,True
28,hand_drawn,0.5,0.625,1.0,1.0,0.7728431410975932,0.375,0.8004042396100421,0.7647058823529411,1.0,0.25,0.7142857142857143,1959.316130767968,0.0,True
28,sup_inf_attribute,0.7304883553811616,0.858536505763038,1.0,1.0,0.9123494970107004,0.3093534034802264,0.8634094227501864,0.875,1.0,0.2931653531325749,0.5714285714285714,1704.6565896552952,2.16,True
28,sup_inf_doubly,0.6579755070444211,0.9639680762186312,1.0,1.0,0.9201862132362252,0.2815068334280224,0.8852403434389398,0.875,1.0,0.3111575525588375,0.8571428571428572,1561.2369073072505,2.76,True
28,dim_draw,0.5825312252341293,0.8333333333333336,1.0,1.0,0.7379252045835127,0.248107375659806,0.8030356326436043,0.6666666666666666,1.0,0.1666666666666666,0.7142857142857143,1818.9607528287727,1.64,True
28,dim_flux,0.64841159098583,0.9452040388122028,1.0,1.0,0.9238178764531356,0.2863367493411759,0.8863527795643853,0.875,1.0,0.3206220092440808,0.8571428571428572,1573.9278333692528,2.65,True
29,hand_drawn,0.5935835209054994,0.8,1.0,1.0,0.7978243857009885,0.1878329581890012,0.8001736802685522,0.875,1.0,0.2382615347721177,0.7142857142857143,1926.3392305011528,0.0,True
29,sup_inf_attribute,0.7339812296087973,0.8452006860590353,1.0,1.0,0.9388092898511452,0.3167275794739207,0.862829849913073,0.875,1.0,0.3179092570642343,0.7142857142857143,1731.5004713816468,2.53,True
29,sup_inf_doubly,0.6254713955390333,0.7032905296742086,1.0,1.0,0.9564884609748856,0.3798502571047579,0.8729292594685093,0.875,1.0,0.3012476394087214,0.5714285714285714,1800.1153982113076,2.41,True
29,dim_draw,0.5935835209054996,0.8333333333333336,1.0,1.0,0.7586003559306363,0.233678406471654,0.7958121107449005,0.6666666666666666,1.0,0.1666666666666668,0.7142857142857143,1966.3244004685075,1.16,True
29,dim_flux,0.6418236745515402,0.7379705911662394,1.0,1.0,0.9372786312204584,0.3444150259454236,0.870652537748154,0.875,1.0,0.2843350206284816,0.8571428571428572,1788.360936311457,2.28,True
30,hand_drawn,0.4166666666666666,0.6666666666666666,1.0,1.0,0.8739280816353339,0.3333333333333333,0.7959498571629682,0.4545454545454545,1.0,0.3333333333333333,0.7142857142857143,2119.118779485133,0.0,True
30,sup_inf_attribute,0.7434286608987104,0.852015865924458,1.0,1.0,0.7994621371133956,0.21858565975584,0.7783373774064939,0.6,1.0,0.2933122185701513,0.5714285714285714,1797.050136986715,2.30,True
30,sup_inf_doubly,0.5833606733142573,0.9378115601255882,1.0,1.0,0.916464393209474,0.4085397202106829,0.8361004881725849,0.6,1.0,0.4401048974949141,0.7142857142857143,1763.8713949607256,1.46,True
30,dim_draw,0.6038337084776657,0.9999999999999998,1.0,1.0,0.8241865807184588,0.1926141302802718,0.8106427962959374,0.6,1.0,0.3004626062886656,0.7142857142857143,1916.3456610746966,0.93,True
30,dim_flux,0.5802795664286076,0.9174141372084468,1.0,1.0,0.910664243268564,0.3965852747777433,0.8332665905917203,0.6,1.0,0.4243559453270401,0.8571428571428572,1789.8334656818865,1.45,True
31,hand_drawn,0.5,1.0,1.0,1.0,0.90228625680125,0.2222222222222222,0.7690823238023474,0.5238095238095238,1.0,0.3162277660168379,0.7142857142857143,2038.2796268255454,0.0,True
31,sup_inf_attribute,0.5806292803164989,0.9416549893238342,1.0,1.0,0.860422392153304,0.4300221985438592,0.76435359768106,0.5238095238095238,1.0,0.2605563500659603,0.7142857142857143,2128.0503740839827,1.44,True
31,sup_inf_doubly,0.502800480193409,0.8735785560537968,1.0,1.0,0.8870154518465581,0.2652070490752528,0.776211224705903,0.6,1.0,0.2559055799794037,0.7142857142857143,1883.8381572563198,0.92,True
31,dim_draw,0.4830124900936516,0.9999999999999998,1.0,1.0,0.8025113917588065,0.2627203510738101,0.775778521871196,0.5238095238095238,1.0,0.2963744891819093,0.7142857142857143,2035.027865535177,2.08,True
31,dim_flux,0.505898269504159,0.9482967867201014,1.0,1.0,0.8975478353931683,0.2442944944063063,0.7697950436675407,0.5238095238095238,1.0,0.2755370810614973,0.7142857142857143,1971.8718746054594,0.45,True
32,hand_drawn,0.5,0.75,1.0,1.0,0.8952344922370775,0.2409665529398267,0.7515376432048144,0.5,1.0,0.2425356250363329,0.7142857142857143,3230.295854164717,0.0,True
32,sup_inf_attribute,0.5844818865087718,0.8461639893507386,1.0,1.0,0.8848885883733291,0.4259797898330133,0.7954557975896765,0.6363636363636364,1.0,0.3126530344845757,0.8571428571428572,2834.844397382649,1.38,True
32,sup_inf_doubly,0.5360798213685565,0.9833688371508216,1.0,1.0,0.8871060769596626,0.2776328729886548,0.8080209269976886,0.5,1.0,0.2655906043443476,0.7142857142857143,2624.331575113661,2.00,True
32,dim_draw,0.4911671385559327,0.9999999999999998,1.0,1.0,0.7317767155724015,0.2482096966936169,0.7568264213479194,0.5,1.0,0.2568848919569541,0.7142857142857143,2844.9034389867716,2.73,True
32,dim_flux,0.5357081592195961,0.9754588093752268,1.0,1.0,0.8943087248495528,0.3136130120947763,0.8083029519569451,0.5,1.0,0.2623535829582317,0.7142857142857143,2672.0152194244097,1.90,True
33,hand_drawn,0.625,0.75,1.0,1.0,0.9376418836425944,0.125,0.8953381309828916,0.7647058823529411,1.0,0.2425356250363329,0.5714285714285714,1933.2728248426474,0.0,True
33,sup_inf_attribute,0.595420864086915,0.6476310439314308,1.0,1.0,0.9517284045187124,0.1635587969213743,0.8801073150777636,0.7647058823529411,1.0,0.2741323606667851,0.5714285714285714,2065.1070740337905,0.68,True
33,sup_inf_doubly,0.5954208038874466,0.6095651944810846,1.0,1.0,0.9517285250757118,0.2714566145790139,0.8801072765714315,0.7647058823529411,1.0,0.2741324883960124,0.5714285714285714,2101.059560640218,0.98,True
33,dim_draw,0.5464588022637484,0.6666666666666667,1.0,1.0,0.7896265500686627,0.2506659163780025,0.8649177071746188,0.7647058823529411,1.0,0.1666666666666666,0.5714285714285714,2147.2205847301507,1.67,True
33,dim_flux,0.5954207850310014,0.6143245897479868,1.0,1.0,0.951728450285034,0.2577701879312567,0.8801072838188833,0.7647058823529411,1.0,0.2741324568732964,0.5714285714285714,2097.323667102324,0.92,True
34,hand_drawn,0.6666666666666667,1.0,1.0,1.0,1.0,0.0,0.8708330921553339,0.8,1.0,0.3162277660168379,0.7142857142857143,2654.0347232590557,0.0,False
34,sup_inf_attribute,0.6666666756308767,0.8965344884057226,1.0,1.0,0.932937051650026,0.1268150637901708,0.8494296897265704,0.8,1.0,0.281816790574894,0.4285714285714286,2793.0887547435627,0.88,True
34,sup_inf_doubly,0.6666666684562963,0.8649045577620752,1.0,1.0,0.9329370505784884,0.1679691987193872,0.8494296873124597,0.8,1.0,0.2818167871442325,0.7142857142857143,2829.5360379229314,1.10,True
34,dim_draw,0.621366640249738,0.8571428571428573,1.0,1.0,0.7237418541230739,0.19697180105569,0.8425080542078991,0.5,1.0,0.2575393768188562,0.8571428571428572,2935.057472113227,3.03,True
34,dim_flux,0.6666666720657748,0.862742021660108,1.0,1.0,0.9329370427256884,0.170821860228264,0.8494296844151792,0.8,1.0,0.2818167823952391,0.7142857142857143,2831.954337062266,1.12,True
35,hand_drawn,0.75,0.75,1.0,1.0,1.0,0.0,0.8941783121458777,0.8,1.0,0.3535533905932738,0.8571428571428572,2795.1785424274144,0.0,False
35,sup_inf_attribute,0.7044582305110585,0.6838676821910505,1.0,1.0,0.9816882916859678,0.1604242405093284,0.8905818734138202,0.8,1.0,0.3233237647930732,0.8571428571428572,2977.7490141426456,0.92,True
35,sup_inf_doubly,0.7044582751310831,0.6574395413432441,1.0,1.0,0.981688291921178,0.0973740305133669,0.8905818937194392,0.8,1.0,0.3233238164576049,0.8571428571428572,2991.5093088560448,0.73,True
35,dim_draw,0.6871670418109989,0.7142857142857144,1.0,1.0,0.8308482306371947,0.1005327331024021,0.8750791508411788,0.8,1.0,0.2575393768188563,0.8571428571428572,3030.3999287681877,1.06,True
35,dim_flux,0.704458298436444,0.6573529181689065,1.0,1.0,0.9816883212593552,0.0973740453524085,0.8905819018806949,0.8,1.0,0.3233238361520581,0.8571428571428572,2991.5093759692368,0.73,True
36,hand_drawn,0.6666666666666667,1.0,1.0,1.0,0.859375,0.0,0.8216699198992292,0.6363636363636364,1.0,0.3535533905932738,0.7142857142857143,2683.265921247724,0.0,True
36,sup_inf_attribute,0.6985487632957921,0.9735010660101164,1.0,1.0,0.892003425619173,0.3014273468808083,0.8342212445730233,0.6363636363636364,1.0,0.3295764066931202,0.8571428571428572,2552.959607436603,1.95,True
36,sup_inf_doubly,0.6119180768762438,0.9244484418536651,1.0,1.0,0.9577546487799884,0.2324697762282871,0.8706784819854804,0.8,1.0,0.3762969860411801,0.8571428571428572,2497.709967480829,1.87,True
36,dim_draw,0.6352501875721661,0.9999999999999998,1.0,1.0,0.8299256391292523,0.0934664439471483,0.8115991289034333,0.6363636363636364,1.0,0.2568848919569542,0.5714285714285714,2761.4069477157145,1.32,True
36,dim_flux,0.6136553168582437,0.9245694558323628,1.0,1.0,0.9549849614943804,0.225644763339748,0.8691046382341816,0.8,1.0,0.3720821784065704,0.8571428571428572,2504.548727741309,1.85,True
37,hand_drawn,0.75,1.0,1.0,1.0,1.0,0.0,0.8956279927895856,0.75,1.0,0.3535533905932738,1.0,3793.324979986811,0.0,True
37,sup_inf_attribute,0.749999883956074,0.9999997569535152,1.0,1.0,0.9999999776068704,0.0002358204787823,0.8956279927895432,0.75,1.0,0.3535533382238404,1.0,3793.3253729657786,0.00,True
37,sup_inf_doubly,0.7500000181062232,0.9999999681619484,1.0,1.0,0.9999999989890616,0.0003539523704324,0.8956279927895848,0.75,1.0,0.3535533844868209,1.0,3793.3247745604035,0.00,True
37,dim_draw,0.75,0.9999999999999998,1.0,1.0,0.9999999999999998,1.1102230246251563e-16,0.8956279927895856,0.75,1.0,0.3535533905932736,1.0,3793.324979986811,0.00,True
37,dim_flux,0.7500000004370146,0.999999999392912,1.0,1.0,0.9999999999999998,1.5838558242720067e-09,0.8956279927895856,0.75,1.0,0.3535533904859546,1.0,3793.324978843908,0.00,True
38,hand_drawn,0.375,0.625,1.0,1.0,0.8167002003688882,0.4,0.7237187926035902,0.3846153846153846,1.0,0.25,0.5714285714285714,3541.4259218258685,0.0,True
38,sup_inf_attribute,0.5174802483108443,0.8330999331424588,1.0,1.0,0.8757257820120548,0.4070288650447996,0.7984587445887541,0.5652173913043478,1.0,0.2895646788764495,0.7142857142857143,2950.52771554084,3.22,True
38,sup_inf_doubly,0.5068477893799951,0.9504059785285162,1.0,1.0,0.913817096807192,0.3020807486640583,0.798873901227475,0.5652173913043478,1.0,0.2308137003619443,0.7142857142857143,2764.709014172434,3.80,True
38,dim_draw,0.5118704284699561,0.9999999999999998,1.0,1.0,0.7338855198111134,0.253229153274314,0.7550542830423066,0.5,1.0,0.2518226243734692,0.7142857142857143,2951.930729728591,2.23,True
38,dim_flux,0.509153371541812,0.8910115721897631,1.0,1.0,0.9197458963159278,0.3640442155651426,0.7996798029185065,0.5652173913043478,1.0,0.2321779772093551,0.8571428571428572,2809.010004975925,3.48,True
39,hand_drawn,0.5,0.5,1.0,1.0,0.8604595772145863,0.4166666666666666,0.7816132071090648,0.4482758620689655,1.0,0.25,0.875,4991.991965189413,0.0,True
39,sup_inf_attribute,0.6889480745597724,0.7872922033600206,1.0,1.0,0.9653238996665272,0.4303418818493731,0.8425348659331509,0.6153846153846154,1.0,0.3092033404399699,0.875,4038.677384916339,2.77,True
39,sup_inf_doubly,0.679525091964563,0.8432241174014866,1.0,1.0,0.9364712957563625,0.4071613030338018,0.8390682244720405,0.68,1.0,0.3034471957480657,0.875,3951.4573243767472,2.97,True
39,dim_draw,0.6111123538096437,0.9999999999999998,1.0,1.0,0.738639815837033,0.2260800394955505,0.8018424955981884,0.5555555555555556,1.0,0.2236067977499789,0.75,4101.673486420541,2.72,True
39,dim_flux,0.6812695409607048,0.8384149678980923,1.0,1.0,0.9378022863588612,0.4157556923132343,0.8393112963938714,0.68,1.0,0.3029848942323723,0.875,3956.327293485599,2.92,True
40,hand_drawn,0.4166666666666666,0.5,1.0,0.9767441860465116,0.8604595772145863,0.4166666666666666,0.7428530883209301,0.3125,1.0,0.25,0.75,5419.282216240996,0.0,True
40,sup_inf_attribute,0.5136680815730663,0.7638125763452182,0.9366489622589884,0.9767441860465116,0.8980245992030973,0.2885916527800144,0.7614662152432937,0.4,1.0,0.229956282579483,0.75,4815.819669462908,2.45,True
40,sup_inf_doubly,0.5229373875531975,0.7263009460298968,0.9094306097014432,0.9767441860465116,0.8889570855395523,0.2826047888739494,0.7606066247411305,0.4,1.0,0.2314955022540839,0.75,4858.246041377668,2.40,True
40,dim_draw,0.5271522445641739,0.8750000000000002,0.8845682464947818,0.9767441860465116,0.7611259679207303,0.2872155016082769,0.7709934275863142,0.4482758620689655,1.0,0.2253469547164993,0.75,5031.834306250439,2.25,True
40,dim_flux,0.5251399493089186,0.693490657701388,0.9142461948123706,0.9767441860465116,0.8981522299324434,0.2997818903357706,0.7624646885339681,0.4,1.0,0.232129732252445,0.75,4940.468612537696,1.77,True
41,hand_drawn,0.475,0.5,1.0,0.9726027397260274,0.8626300335020142,0.4,0.7457111857566019,0.4285714285714285,1.0,0.25,0.6363636363636364,7575.646031452439,0.0,True
41,sup_inf_attribute,0.5571323073385083,0.8066364732490146,0.8942127013817457,0.9726027397260274,0.8912208773737247,0.3123889588824763,0.7676828582843922,0.5,1.0,0.2119110255524433,0.7272727272727273,6718.159450058642,2.84,True
41,sup_inf_doubly,0.5571323182609805,0.7744269123219643,0.8942126829254157,0.9726027397260274,0.8912208790851819,0.3383643641797039,0.7676828577282762,0.5,1.0,0.2119110200520386,0.7272727272727273,6791.759630907659,2.63,True
41,dim_draw,0.580310928816828,0.8888888888888891,0.8519496526456578,0.9726027397260274,0.7376999631780419,0.3911823590366807,0.7712236718210819,0.5,1.0,0.2003084041924436,0.5454545454545454,6951.1443793750395,2.80,True
41,dim_flux,0.557132312686252,0.7593047515045065,0.8942126963928785,0.9726027397260274,0.8912208667764349,0.3507465334686813,0.7676828609138833,0.5,1.0,0.2119110398603932,0.7272727272727273,6822.308074005981,2.54,True
42,hand_drawn,0.375,0.6666666666666666,1.0,1.0,0.866375464948417,0.375,0.7674005789776628,0.4285714285714285,1.0,0.3333333333333333,0.7142857142857143,1828.024263111472,0.0,True
42,sup_inf_attribute,0.5009149713661065,0.8024532740489858,1.0,1.0,0.7995649990897011,0.5047899429635697,0.7464455859219499,0.4285714285714285,1.0,0.2935643378033414,0.5714285714285714,1732.627277545807,2.17,True
42,sup_inf_doubly,0.4468671355463764,0.9402249288382404,1.0,1.0,0.8364303015051656,0.351613801488457,0.7818975335042062,0.6666666666666666,1.0,0.2893572560321307,0.7142857142857143,1622.0728207035418,1.96,True
42,dim_draw,0.2366084951781919,0.9999999999999998,1.0,1.0,0.7509018570377954,0.2955603949580362,0.7604473274006435,0.5789473684210527,1.0,0.1643989873053572,0.8571428571428572,1740.399324482564,1.86,True
42,dim_flux,0.2708647094322506,0.8742894200733271,1.0,1.0,0.7943832283470851,0.3343810392750636,0.7693920592078624,0.5789473684210527,1.0,0.2761420765312991,0.7142857142857143,1734.6326649424018,2.03,True
43,hand_drawn,0.5625,0.6666666666666666,1.0,1.0,0.8121320343559643,0.3,0.7612322995285343,0.44,1.0,0.2357022603955158,0.7142857142857143,3064.285837636976,0.0,True
43,sup_inf_attribute,0.6473663253292479,0.8234789351799081,1.0,1.0,0.8865066406932499,0.4549927585653581,0.8185519611409402,0.6363636363636364,1.0,0.2438025383563398,0.8571428571428572,2525.7052449374364,2.21,True
43,sup_inf_doubly,0.6568474683054761,0.988057432042268,1.0,1.0,0.9170038219223052,0.4355207726924021,0.8634901046838128,0.7142857142857143,1.0,0.3339599980713637,0.8571428571428572,2318.54210898553,3.45,True
43,dim_draw,0.5271796740647458,0.9999999999999996,1.0,1.0,0.7537278539463391,0.2545152100867756,0.7797038386191794,0.5652173913043478,1.0,0.1424940999758191,0.8571428571428572,2697.5941836122392,2.79,True
43,dim_flux,0.6770242171201973,0.996416776385898,1.0,1.0,0.9018358105618076,0.3560644193367989,0.8562058477601846,0.7142857142857143,1.0,0.3146911069857691,0.7142857142857143,2359.3922026651526,2.63,True
44,hand_drawn,0.46875,0.6666666666666666,1.0,0.9622641509433962,0.8223886142840454,0.3076923076923077,0.7228618242632472,0.2571428571428571,1.0,0.2357022603955158,0.875,4919.165709225446,0.0,True
44,sup_inf_attribute,0.4985274110907416,0.8271884835421586,0.941036758857918,0.9622641509433962,0.8380686861688367,0.4946671501407345,0.7507970185058712,0.4193548387096774,1.0,0.2871470131386748,0.75,4299.972358029185,2.59,True
44,sup_inf_doubly,0.521041422868785,0.819387356199402,0.88756538448016,0.9622641509433962,0.8469058178729671,0.4847457670659084,0.7528165707885771,0.375,1.0,0.3107863722191052,0.875,4310.803331117197,2.31,True
44,dim_draw,0.495786990399137,0.8750000000000003,0.8519496526456576,0.9622641509433962,0.7454754885803152,0.4384559240362584,0.7294254825217605,0.4193548387096774,1.0,0.125,0.625,4586.618679119762,2.70,True
44,dim_flux,0.5205103349448678,0.8050390505382052,0.8792482252448823,0.9622641509433962,0.8495151078902692,0.4698355413439207,0.7517092755326027,0.375,1.0,0.3009907798794883,0.875,4355.627156934077,2.05,True
45,hand_drawn,0.375,0.75,1.0,1.0,0.7261816034202261,0.375,0.7142265896941442,0.5,1.0,0.25,0.5714285714285714,2072.466903456376,0.0,True
45,sup_inf_attribute,0.4949494982703418,0.7992930488839624,1.0,1.0,0.8438527945210971,0.5651964492439276,0.7473959210468821,0.4285714285714285,1.0,0.3299856365112265,0.7142857142857143,1671.8020601088924,3.57,True
45,sup_inf_doubly,0.4264538332686617,0.826221013859133,1.0,1.0,0.8360912837507932,0.4775447012867129,0.7720124841439424,0.6666666666666666,1.0,0.3206986108488797,0.8571428571428572,1675.60015400636,2.57,True
45,dim_draw,0.375,0.9999999999999998,1.0,1.0,0.6858078122295765,0.3894166725843682,0.6603820030262861,0.5,1.0,0.1643989873053574,0.5714285714285714,2043.0764275162971,1.47,True
45,dim_flux,0.4142208225620218,0.8045520699127009,1.0,1.0,0.8367760390886502,0.4812372819615137,0.7715271176804007,0.6666666666666666,1.0,0.3214846756709131,0.8571428571428572,1693.271659778411,2.46,True
46,hand_drawn,0.4221247186417509,0.7500000000000001,1.0,1.0,0.7705542160224139,0.0734441513504745,0.6876444325600836,0.5238095238095238,1.0,0.2425356250363329,0.7142857142857143,1997.1398916703392,0.0,True
46,sup_inf_attribute,0.4997349450940033,0.8408356670151799,1.0,1.0,0.7639934335366544,0.3648320050152693,0.6887183646778992,0.4545454545454545,1.0,0.2813647483749834,0.5714285714285714,1969.54482102015,4.36,True
46,sup_inf_doubly,0.4476572004745049,0.9320216210448508,1.0,1.0,0.7911858659011657,0.4387686272839404,0.7249194580458622,0.4545454545454545,1.0,0.3031000029124464,0.5714285714285714,1895.8483596459093,4.44,True
46,dim_draw,0.5370187351404776,0.8571428571428571,1.0,1.0,0.751008096729367,0.2772175038956429,0.7016471159770776,0.4545454545454545,1.0,0.2568848919569541,0.7142857142857143,1977.180103864368,2.67,True
46,dim_flux,0.6043362774306076,0.9380036039447432,1.0,1.0,0.7862453475432648,0.3356766367403945,0.7200343512429827,0.5238095238095238,1.0,0.3108050896739608,0.5714285714285714,1956.9793782170752,2.73,True
47,hand_drawn,0.5625,0.6666666666666666,1.0,1.0,0.8121320343559643,0.3,0.7411260580687112,0.44,1.0,0.2357022603955158,0.7142857142857143,3109.036172667856,0.0,True
47,sup_inf_attribute,0.6137160136154115,0.844812674900387,1.0,1.0,0.8476822491581402,0.4432321970650947,0.7597133051525802,0.5,1.0,0.2543460791746139,0.8571428571428572,2646.8710611799133,1.88,True
47,sup_inf_doubly,0.6375989930781005,0.8822811440376931,1.0,1.0,0.8581745373679082,0.4312464301985633,0.783394929749494,0.5,1.0,0.287479351671238,0.7142857142857143,2533.0510967928963,1.83,True
47,dim_draw,0.5708941616161274,0.8749999999999999,1.0,1.0,0.738724687184153,0.2346196887685382,0.7481927323848498,0.5,1.0,0.2253469547164993,0.8571428571428572,2681.08496155748,1.87,True
47,dim_flux,0.6381529192337327,0.8811590261667039,1.0,1.0,0.8573710327140875,0.4376080881716163,0.7833250312186871,0.5,1.0,0.289322147873087,0.7142857142857143,2531.2791617524517,1.82,True
48,hand_drawn,0.375,0.75,1.0,1.0,0.7469397179297311,0.4,0.6717687105930782,0.3333333333333333,1.0,0.25,0.5714285714285714,3415.8927459005367,0.0,True
48,sup_inf_attribute,0.4707307854580633,0.9155320986891567,1.0,1.0,0.781488493770921,0.3368585006615302,0.729333626483037,0.5652173913043478,1.0,0.3154162223942602,0.8571428571428572,2608.5623471106633,3.49,True
48,sup_inf_doubly,0.589458420013794,0.79364415997811,1.0,1.0,0.8248017701796702,0.4853417417840289,0.7303106672486207,0.3846153846153846,1.0,0.308379049606628,0.7142857142857143,2806.0866108326786,2.82,True
48,dim_draw,0.5370187351404776,0.8749999999999999,1.0,1.0,0.694373807059927,0.256555818681552,0.6676109378858236,0.44,1.0,0.2236067977499789,0.7142857142857143,2947.295382009276,2.02,True
48,dim_flux,0.6030144970203495,0.901777939068509,1.0,1.0,0.8152140839755516,0.3735788963915746,0.7253900269484695,0.44,1.0,0.2941714540665141,0.8571428571428572,2759.8060360327063,3.35,True
49,hand_drawn,0.5,0.5,1.0,1.0,0.8594712657150123,0.4166666666666666,0.7321000431203502,0.4,1.0,0.25,0.875,4848.0517053591275,0.0,True
49,sup_inf_attribute,0.7218977111671195,0.8137154349627862,1.0,1.0,0.9012747124163316,0.4477801816709229,0.7917616191507952,0.5,1.0,0.3016061696213904,0.875,3806.2007707708,2.43,True
49,sup_inf_doubly,0.7271771538617504,0.8040347571410209,1.0,1.0,0.8779001843151204,0.4576845205664116,0.8027940097381326,0.4,1.0,0.3120200642838722,0.875,3752.652868508693,2.91,True
49,dim_draw,0.6450250769322374,0.8888888888888887,1.0,1.0,0.7431895778568646,0.2086132709275231,0.7571419238266575,0.5555555555555556,1.0,0.1999999999999999,0.75,3967.3342208690387,3.31,True
49,dim_flux,0.7272924634619797,0.7732839247311207,1.0,1.0,0.8825074348109012,0.4962043485893331,0.8021440557825019,0.4,1.0,0.3102724812647924,0.875,3781.146847438806,2.70,True
50,hand_drawn,0.3304986810771362,1.0,1.0,1.0,0.7497986563580737,0.3891848517235566,0.6703979641315958,0.28,1.0,0.3333333333333333,0.5714285714285714,2309.5350568977105,0.0,True
50,sup_inf_attribute,0.3848577826414581,0.9157384696358448,1.0,1.0,0.7590107932543555,0.499628860014552,0.660026251697697,0.3333333333333333,1.0,0.2880540850647115,0.7142857142857143,1994.4122269784184,3.04,True
50,sup_inf_doubly,0.2786563279416966,0.8662966564906072,1.0,1.0,0.7378673615011795,0.2954991690120895,0.6677019196154903,0.28,1.0,0.2596764399672105,0.5714285714285714,2167.308285948353,1.43,True
50,dim_draw,0.348096587420046,0.7499999999999999,1.0,1.0,0.7133582289060391,0.3618208775110142,0.6518259381066798,0.28,1.0,0.2253469547164992,0.5714285714285714,2254.855072043334,1.60,True
50,dim_flux,0.2784460338169777,0.8934842306708967,1.0,1.0,0.739295387292799,0.2868100499878081,0.6706744937844191,0.28,1.0,0.270328337657446,0.5714285714285714,2195.3809036828798,1.26,True
51,hand_drawn,0.4774163823495667,1.0,1.0,1.0,0.870293858926908,0.3099695935816606,0.7477835045348064,0.4074074074074074,1.0,0.3162277660168379,0.8571428571428572,3049.2888178676185,0.0,False
51,sup_inf_attribute,0.6861529725552651,0.9527705794577684,1.0,1.0,0.8611082864707666,0.4354998876189425,0.7389934939010201,0.4074074074074074,1.0,0.2334880846050211,0.8571428571428572,2859.9035307616623,3.56,True
51,sup_inf_doubly,0.6499722315889209,0.8831439120795941,1.0,1.0,0.8847515528819759,0.4476800548997466,0.765075763312001,0.4074074074074074,1.0,0.299359397391329,0.8571428571428572,2628.0459720769986,1.87,True
51,dim_draw,0.5046436472720962,0.8749999999999999,1.0,1.0,0.788819877062189,0.237308117142364,0.7431151874192112,0.52,1.0,0.2253469547164993,0.8571428571428572,2964.4989250896356,2.40,True
51,dim_flux,0.6651240474097238,0.8971000352127172,1.0,1.0,0.8804651373974647,0.4415090881698581,0.7647310786246176,0.4074074074074074,1.0,0.2899371386041292,0.7142857142857143,2659.385838385288,2.42,True
52,hand_drawn,0.3304986810771362,1.0,1.0,1.0,0.7787037219581908,0.2643989448617085,0.6925160910561743,0.3846153846153846,1.0,0.25,0.5714285714285714,3144.3565392468317,0.0,True
52,sup_inf_attribute,0.4879401845275481,0.9616037832458592,1.0,1.0,0.8106036325154582,0.3953359613607847,0.71082335583794,0.2857142857142857,1.0,0.2801214198463115,0.5714285714285714,2787.1463041678635,1.18,True
52,sup_inf_doubly,0.4282490535881701,0.9443070819030068,1.0,1.0,0.788587625217102,0.3676285365611582,0.7352471960950636,0.3846153846153846,1.0,0.270192057937957,0.8571428571428572,2511.6975999374827,2.19,True
52,dim_draw,0.2160003869797353,0.8749999999999999,1.0,1.0,0.7393406947866007,0.2100192385953396,0.7225734866658916,0.5,1.0,0.2253469547164993,0.8571428571428572,2664.970944006648,3.33,True
52,dim_flux,0.385891656308498,0.8513273998919306,1.0,1.0,0.7737062361351973,0.2372325302688855,0.7207763706561043,0.5,1.0,0.2270056452793233,0.8571428571428572,2532.8357144853503,3.04,True
53,hand_drawn,0.375,0.625,1.0,1.0,0.8072353309716164,0.375,0.7755308861697875,0.5,1.0,0.25,0.4285714285714286,2177.695570629689,0.0,True
53,sup_inf_attribute,0.4090721986345603,0.6354899234262719,1.0,1.0,0.8261719995808746,0.4537234324522935,0.7816622320207331,0.5789473684210527,1.0,0.2908629925200225,0.5714285714285714,2002.3698380334943,2.00,True
53,sup_inf_doubly,0.4336406683939117,0.6676263679125318,1.0,1.0,0.8473088218934111,0.4519464863735579,0.79138893947828,0.5,1.0,0.2566016223884615,0.5714285714285714,1996.5459167272472,2.26,True
53,dim_draw,0.375,0.8333333333333336,1.0,1.0,0.7314769097406673,0.373107375659806,0.7318816562979131,0.5789473684210527,1.0,0.1666666666666666,0.5714285714285714,2054.1477814008335,1.41,True
53,dim_flux,0.4388614673562055,0.6747287340515133,1.0,1.0,0.8461825587751103,0.4513025906201258,0.7914649281843511,0.5,1.0,0.2572868664050193,0.4285714285714286,1979.0045994581085,2.36,True
54,hand_drawn,0.5625,0.875,1.0,1.0,0.8165846505709262,0.1999999999999999,0.7939525320337022,0.5652173913043478,1.0,0.2425356250363329,0.7142857142857143,2842.0504213103695,0.0,True
54,sup_inf_attribute,0.5566385745762972,0.9036216886899848,1.0,1.0,0.8167527319453003,0.4198287592706022,0.784150561052047,0.6363636363636364,1.0,0.2561383064582508,0.5714285714285714,2426.8726029441277,2.57,True
54,sup_inf_doubly,0.5881350688950526,0.8605029344134222,1.0,1.0,0.8653278271290594,0.3511782561625418,0.7919459282694893,0.7142857142857143,1.0,0.2376271478440455,0.7142857142857143,2403.81087220354,2.54,True
54,dim_draw,0.480054955422995,0.9999999999999998,1.0,1.0,0.7108376602234797,0.2364384786834018,0.7396726199676094,0.5652173913043478,1.0,0.2518226243734692,0.7142857142857143,2857.2382149998434,2.22,True
54,dim_flux,0.584385878062894,0.8494023401483795,1.0,1.0,0.8643957948323532,0.3459066983705583,0.7918533387717508,0.7142857142857143,1.0,0.2337778506546237,0.7142857142857143,2395.397534585483,2.63,True
55,hand_drawn,0.4375,0.625,1.0,1.0,0.8167002003688882,0.4,0.7729133511955225,0.44,1.0,0.25,0.5714285714285714,3378.855308917602,0.0,True
55,sup_inf_attribute,0.6841180643093661,0.7204498135958718,1.0,1.0,0.8855093654473855,0.4350472537988625,0.7991317772184013,0.6363636363636364,1.0,0.3021922015361844,0.7142857142857143,2971.918259314657,2.35,True
55,sup_inf_doubly,0.6683527916407668,0.6738622065163197,1.0,1.0,0.9124185420586508,0.4272249378047635,0.8122912040559589,0.5,1.0,0.2849773268561387,0.7142857142857143,3011.2887278953667,1.99,True
55,dim_draw,0.6246670418109987,0.8571428571428574,1.0,1.0,0.7648328750501052,0.2301428025732704,0.7510783770744344,0.6363636363636364,1.0,0.2575393768188563,0.7142857142857143,3057.9766771405993,1.80,False
55,dim_flux,0.675112071266794,0.6621877757301919,1.0,1.0,0.9083195333421809,0.4370182076144621,0.8127515289170795,0.5,1.0,0.2839809054787009,0.5714285714285714,2992.0316086610346,2.07,True
56,hand_drawn,0.4518122867621751,1.0,1.0,1.0,0.7515687827615567,0.2409665529398267,0.7507710658441533,0.44,1.0,0.2425356250363329,0.5714285714285714,3121.1425137368083,0.0,True
56,sup_inf_attribute,0.4644802141566712,0.9479439692024988,1.0,1.0,0.8408292342444418,0.351393878943924,0.7510067771000926,0.44,1.0,0.2746344702687675,0.7142857142857143,2718.8316183947454,2.16,True
56,sup_inf_doubly,0.4934428183798818,0.9048654244825124,1.0,1.0,0.8442574558776936,0.3660137551249633,0.7695320375541874,0.6363636363636364,1.0,0.2695138865630522,0.7142857142857143,2694.054922794211,2.93,True
56,dim_draw,0.5055362202825175,0.8749999999999999,1.0,1.0,0.762153781517062,0.1746289367816793,0.7406728926287345,0.5652173913043478,1.0,0.2236067977499789,0.8571428571428572,2812.077618090509,1.79,True
56,dim_flux,0.4975152233286273,0.8867860467380169,1.0,1.0,0.8495471901032058,0.3786900454489101,0.7712414846849733,0.6363636363636364,1.0,0.267167526957053,0.7142857142857143,2696.3165099242374,2.79,True
57,hand_drawn,0.5833333333333333,0.875,1.0,1.0,0.8608354127294675,0.25,0.7571988666551484,0.4482758620689655,1.0,0.2425356250363329,0.625,4411.0851900119405,0.0,False
57,sup_inf_attribute,0.7139728032315111,0.9955428702001228,1.0,1.0,0.8954561646047058,0.3563238272840475,0.8016960797467155,0.5555555555555556,1.0,0.2775558362393022,0.875,3694.082935380676,2.70,True
57,sup_inf_doubly,0.7217645449087686,0.9437262036930044,1.0,1.0,0.8937110838706529,0.3247967504436772,0.8111539553850198,0.68,1.0,0.2759080744045993,0.875,3833.8848012596955,3.71,True
57,dim_draw,0.6755738064308043,0.8888888888888887,1.0,1.0,0.8293592040625218,0.0920572809200824,0.7758930418934205,0.68,1.0,0.2000000000000001,0.875,3927.505224908469,2.69,True
57,dim_flux,0.7348288863314396,0.9690255008579796,1.0,1.0,0.8911802175658705,0.2716495639816288,0.8095522108936524,0.68,1.0,0.2808195982438136,0.875,3785.064097236347,3.58,True
58,hand_drawn,0.2048327646991335,0.75,1.0,1.0,0.7767155678127436,0.4409665529398267,0.6541834714170371,0.3333333333333333,1.0,0.2236067977499789,0.7142857142857143,3418.9706839531555,0.0,False
58,sup_inf_attribute,0.3509073638443548,0.8975121644522659,1.0,1.0,0.7836325122672146,0.4624245002941343,0.7085991730779961,0.3333333333333333,1.0,0.25968568450753,0.7142857142857143,2787.2462771880655,2.84,True
58,sup_inf_doubly,0.3957384401252739,0.9084586431095136,1.0,1.0,0.8391585482888853,0.4771966517770736,0.7359819199395863,0.44,1.0,0.2722275249944223,0.8571428571428572,2401.887757373497,3.94,True
58,dim_draw,0.2368656919495733,0.8749999999999999,1.0,1.0,0.7096252532291115,0.2447846006713369,0.6600400327932746,0.3333333333333333,1.0,0.2236067977499789,0.7142857142857143,2942.1209551738243,5.44,True
58,dim_flux,0.4039358973343698,0.9165432744579638,1.0,1.0,0.83161151222619,0.4157888756640392,0.7331781581957055,0.3846153846153846,1.0,0.2626050728877404,0.8571428571428572,2493.9572280472125,3.60,True
59,hand_drawn,0.5225836176504333,0.6666666666666666,1.0,1.0,0.7966836390346116,0.360166227025712,0.730619737654951,0.4,1.0,0.1666666666666666,0.875,5060.133075818604,0.0,True
59,sup_inf_attribute,0.6739970571191944,0.938005751590557,1.0,1.0,0.8413697717848871,0.422145864592123,0.7720002948209276,0.4482758620689655,1.0,0.2455382740241389,0.875,3812.897781508272,3.33,True
59,sup_inf_doubly,0.6335489666867339,0.990610350014038,1.0,1.0,0.8567125935462253,0.4799334530641294,0.7938859744251716,0.5,1.0,0.2470874172107868,0.875,3415.7738566174085,4.52,True
59,dim_draw,0.5168756199655177,0.8888888888888887,1.0,1.0,0.727233593625569,0.1893664476074641,0.7234804571422044,0.4482758620689655,1.0,0.1999999999999999,0.5,3961.671386193919,4.26,True
59,dim_flux,0.6577662650312845,0.9489143856614184,1.0,1.0,0.8507456226457737,0.4675043393420709,0.7898069765883733,0.5,1.0,0.263226391310273,0.875,3494.0792402290194,4.09,True
60,hand_drawn,0.7909152569165706,0.75,1.0,1.0,0.8312803815026405,0.4288877595107579,0.7394667937977655,0.3125,1.0,0.25,0.75,4243.919893399105,0.0,True
60,sup_inf_attribute,0.8902390622218295,0.8203488404737393,1.0,1.0,0.8462519544517568,0.4978989972998751,0.7394895736038072,0.3548387096774194,1.0,0.2728407080062185,0.75,3894.5448117222213,0.81,True
60,sup_inf_doubly,0.875286770137398,0.9528875636812442,1.0,1.0,0.8556842149298809,0.4244979958169474,0.7449102128037965,0.4482758620689655,1.0,0.2904746854257554,0.75,3788.4071774747053,1.31,True
60,dim_draw,0.6844809461949419,0.7999999999999999,1.0,1.0,0.7540340050229006,0.184114561840165,0.7057504901430258,0.5,1.0,0.1802775637731994,0.75,4085.5068531692928,2.50,True
60,dim_flux,0.873135802119171,0.9557610802675056,1.0,1.0,0.8536453786507535,0.4304404316206616,0.7446755537784525,0.4482758620689655,1.0,0.2820225112783324,0.75,3776.8375025553414,1.42,True
61,hand_drawn,0.4800418088252166,0.6666666666666666,1.0,0.9726027397260274,0.8040166527112714,0.3547996482872363,0.7074979596404195,0.3333333333333333,1.0,0.1666666666666666,0.7272727272727273,7166.984565157276,0.0,True
61,sup_inf_attribute,0.550724965186652,0.9201487520692432,0.8890184567408399,0.9726027397260274,0.8144553422727747,0.3987999646815533,0.7193176334823201,0.4285714285714285,1.0,0.2209045443611887,0.7272727272727273,6051.459671498598,2.73,True
61,sup_inf_doubly,0.5436442509814792,0.9625394310328804,0.8962500296265999,0.9726027397260274,0.8275211830554313,0.4029529321533689,0.7275558301556655,0.4634146341463415,1.0,0.2222658258415365,0.6363636363636364,5794.924030074169,4.49,True
61,dim_draw,0.5272007086635392,0.9999999999999998,0.8310843476758205,0.9726027397260274,0.7391530923558933,0.3614593158210468,0.7031087782361338,0.5,1.0,0.1930007348888126,0.5454545454545454,6204.178989967637,3.91,True
61,dim_flux,0.5620843905072955,0.9572635966203406,0.8628272246140858,0.9726027397260274,0.8333181582284975,0.4149419653598271,0.7243359780909149,0.4634146341463415,1.0,0.2281044736165465,0.6363636363636364,5928.356437371618,3.94,True
62,hand_drawn,0.5625,0.6666666666666666,1.0,1.0,0.8121320343559643,0.3,0.7980813299637802,0.5,1.0,0.2357022603955158,0.8571428571428572,2892.901280867439,0.0,True
62,sup_inf_attribute,0.7815959127906185,0.6618455887586159,1.0,1.0,0.9477237643522314,0.58047924233037,0.8430717235688514,0.8,1.0,0.3287016083123391,0.7142857142857143,2662.7286732623734,1.99,True
62,sup_inf_doubly,0.8016841137344644,0.730515382118228,1.0,1.0,0.9378101852754596,0.5702978687420328,0.857254610143116,0.8,1.0,0.3154388795207989,1.0,2560.8842137046036,1.89,True
62,dim_draw,0.6057869075644569,0.9999999999999996,1.0,1.0,0.7387333579495622,0.302962786723113,0.7646037901894027,0.5,1.0,0.1424940999758192,0.7142857142857143,2871.865037027331,2.36,True
62,dim_flux,0.7496810857535079,0.820244455461126,1.0,1.0,0.8795983256489607,0.4794123732230755,0.8558744298191604,0.6363636363636364,1.0,0.2930417064978505,0.8571428571428572,2568.2369746869663,1.79,True
63,hand_drawn,0.5,1.0,1.0,1.0,0.870293858926908,0.3099695935816606,0.7463396492760321,0.4074074074074074,1.0,0.3162277660168379,0.8571428571428572,3044.5606159227323,0.0,True
63,sup_inf_attribute,0.6814276294815604,0.8963166727384939,1.0,1.0,0.814672970625788,0.5243563042471038,0.7491491077202828,0.4615384615384615,1.0,0.3290227773664131,0.7142857142857143,2732.4804887248233,2.84,True
63,sup_inf_doubly,0.6301229949244314,0.832770279062064,1.0,1.0,0.8264391809790684,0.3693781409860588,0.7640420212685217,0.5833333333333334,1.0,0.2854383437705302,0.7142857142857143,2657.471446261243,2.74,True
63,dim_draw,0.5556076677605113,0.8749999999999999,1.0,1.0,0.7799096128309876,0.1932648656547845,0.7594139837377706,0.5833333333333334,1.0,0.2236067977499789,0.7142857142857143,2848.0143467487255,2.44,True
63,dim_flux,0.6150800479294616,0.8483702596958376,1.0,1.0,0.8108407342113942,0.3445093480241323,0.7659078711294652,0.5833333333333334,1.0,0.2903304382727494,0.7142857142857143,2670.1289043532815,2.48,True
64,hand_drawn,0.46875,0.6666666666666666,1.0,0.9622641509433962,0.8020384485352149,0.3846153846153846,0.7124038337591028,0.2941176470588235,1.0,0.1666666666666666,0.75,5134.537412672928,0.0,True
64,sup_inf_attribute,0.6562398860948079,0.9852948330781078,0.8802601181222629,0.9622641509433962,0.816348697895472,0.3036637762714722,0.7316271998003943,0.2941176470588235,1.0,0.2159953590086361,0.875,4411.237742276131,2.10,True
64,sup_inf_doubly,0.6201833009711135,0.980211912973084,0.8952719572008545,0.9622641509433962,0.8535909876041723,0.3159102617347729,0.7404102608786214,0.375,1.0,0.275609454966144,0.75,4281.780801728243,3.14,True
64,dim_draw,0.5659746310782617,0.9999999999999998,0.8519496526456578,0.9622641509433962,0.7706299271210508,0.2860088393553845,0.7391298366156767,0.375,1.0,0.2236067977499789,0.625,4289.090916926324,2.14,True
64,dim_flux,0.6201308298772581,0.9808635989499952,0.8943354481777378,0.9622641509433962,0.8519893118524069,0.3162832604127612,0.7406479079405858,0.375,1.0,0.2768006051814794,0.75,4279.718287483549,3.12,True
65,hand_drawn,0.5,0.75,1.0,1.0,0.8414502698110474,0.3333333333333333,0.7188548077480372,0.4,1.0,0.2425356250363329,0.625,4560.769616408351,0.0,True
65,sup_inf_attribute,0.6390432885634392,0.9799673053617132,1.0,1.0,0.8910199776576369,0.4138701004946806,0.7912680345838327,0.5,1.0,0.3228031150869473,0.875,3542.3561316745763,2.46,True
65,sup_inf_doubly,0.6643516789961867,0.9003802551049849,1.0,1.0,0.8766406802516225,0.3469458368728524,0.8139370503131376,0.6153846153846154,1.0,0.2837074566011567,0.875,3415.158118027836,2.97,True
65,dim_draw,0.5752529631911225,0.8888888888888887,1.0,1.0,0.7574267727416797,0.15862097760514,0.7644940806307945,0.6153846153846154,1.0,0.1999999999999999,0.75,3824.1069096072324,3.50,True
65,dim_flux,0.6321601200928852,0.8988256663329088,1.0,1.0,0.8646650177875601,0.326331724414438,0.8095850671758467,0.6153846153846154,1.0,0.2685129534404858,0.875,3483.7250444280894,2.86,True
66,hand_drawn,0.4499999999999999,0.75,1.0,0.9733333333333334,0.8011011353278906,0.3333333333333333,0.6741185401058309,0.4285714285714285,1.0,0.2425356250363329,0.6363636363636364,6922.319894094411,0.0,False
66,sup_inf_attribute,0.5165844423467498,0.9277568503347012,0.9004737720432687,0.9733333333333334,0.8012365187975904,0.4267602683790653,0.7196666377422649,0.5384615384615384,1.0,0.2481663826535748,0.8181818181818181,5910.7967103324445,2.87,True
66,sup_inf_doubly,0.491155443897614,0.8907184903890817,0.9709653897709796,0.9733333333333334,0.8267945790803484,0.4484032162030699,0.7333843288859814,0.5384615384615384,1.0,0.264197205765567,0.5454545454545454,5865.680269483117,2.72,True
66,dim_draw,0.4939390214407846,0.9999999999999998,0.8540656416124818,0.9733333333333334,0.73451172570484,0.3027853561917367,0.7003660180699491,0.4634146341463415,1.0,0.1975829927879397,0.6363636363636364,6023.227961069787,3.07,False
66,dim_flux,0.4982045936170338,0.8901235610974234,0.9505289180629024,0.9733333333333334,0.8191718799729905,0.4722362416673925,0.7273179970609189,0.4634146341463415,1.0,0.266120834523593,0.6363636363636364,5883.353585665041,2.60,True
67,hand_drawn,0.4375,0.6666666666666666,1.0,1.0,0.8565004716118344,0.4545454545454546,0.7332511578096783,0.3103448275862069,1.0,0.3333333333333333,0.7142857142857143,3379.6245508283346,0.0,True
67,sup_inf_attribute,0.640111169285129,0.7178848903324657,1.0,1.0,0.8809631771752129,0.641899464540987,0.7655006083818008,0.5833333333333334,1.0,0.2620882911532701,1.0,3110.822408396741,1.57,True
67,sup_inf_doubly,0.6038686071528478,0.8691952202749708,1.0,1.0,0.8771712401082704,0.5653749862016765,0.780348468627717,0.4615384615384615,1.0,0.2455376366542606,0.7142857142857143,2955.160030053034,1.47,True
67,dim_draw,0.5002333648519541,0.8749999999999999,1.0,1.0,0.7555322670039589,0.3932480510854376,0.7273659624332307,0.4074074074074074,1.0,0.2253469547164993,0.7142857142857143,2966.6865102240768,2.13,True
67,dim_flux,0.5461760974213863,0.9676006449117156,1.0,1.0,0.8450345425409704,0.4788734674690587,0.7656497055458077,0.4615384615384615,1.0,0.2387102191209041,0.8571428571428572,2946.087803685374,1.73,True
68,hand_drawn,0.4375,0.5,1.0,1.0,0.8352435237347007,0.4508054607831889,0.6956137732135725,0.3548387096774194,1.0,0.25,0.875,5156.106951586265,0.0,True
68,sup_inf_attribute,0.5716944392878641,0.6374371407915541,1.0,1.0,0.897423202657486,0.6234882866294196,0.7865740078499651,0.5555555555555556,1.0,0.3112553326469373,0.875,4095.8303187498373,2.18,True
68,sup_inf_doubly,0.6138542922655358,0.7407863277980808,1.0,1.0,0.908775451354904,0.605137615527046,0.8030898848493949,0.5555555555555556,1.0,0.235406633657996,1.0,3878.3390364470433,2.77,True
68,dim_draw,0.5002333648519548,0.8888888888888887,1.0,1.0,0.7068183021830103,0.3028194688772309,0.7190493492649437,0.4482758620689655,1.0,0.1999999999999999,0.625,4039.2127873842255,3.59,True
68,dim_flux,0.6135049626829557,0.7445732309858385,1.0,1.0,0.914444009409517,0.6047591598462818,0.8054564469776084,0.5555555555555556,1.0,0.2379052128759796,1.0,3839.816110959182,2.88,True
69,hand_drawn,0.5416666666666667,0.5,1.0,1.0,0.8590692997500945,0.4285714285714286,0.7689977491184342,0.4117647058823529,1.0,0.25,0.7272727272727273,6625.7596534981885,0.0,True
69,sup_inf_attribute,0.7456641337919565,0.5712700906366089,1.0,1.0,0.9619024265634896,0.6437775453788231,0.8284811365599226,0.6,1.0,0.3044216764337901,0.7272727272727273,5473.5955553306985,1.93,True
69,sup_inf_doubly,0.7578280988644656,0.6579552525212328,1.0,1.0,0.9289872677143188,0.6257652903813183,0.8376745859728554,0.6,1.0,0.2817166785394457,0.7272727272727273,5279.714318416698,2.27,True
69,dim_draw,0.6284360391364414,0.8999999999999997,1.0,1.0,0.7143352591599625,0.3052279521241504,0.7557706513520576,0.4545454545454545,1.0,0.1802775637731994,0.5454545454545454,5549.736926848507,3.34,True
69,dim_flux,0.6096527804309244,0.746028191140902,1.0,1.0,0.8123981557915242,0.3882078209580599,0.7912381583956536,0.6,1.0,0.2406155357588021,0.4545454545454545,5241.9588234676285,2.34,True
70,hand_drawn,0.4201672353008664,1.0,1.0,1.0,0.804527653688558,0.3055761711279029,0.696537109330636,0.3571428571428571,1.0,0.3287979746107145,0.8571428571428572,3496.903047717232,0.0,True
70,sup_inf_attribute,0.6014425707029014,0.9904829231836612,1.0,1.0,0.7725106396034959,0.4584662532791821,0.6833766585759218,0.4074074074074074,1.0,0.2845075003995408,0.7142857142857143,3133.7804122706543,3.52,True
70,sup_inf_doubly,0.643438400497791,0.8597296258344145,1.0,1.0,0.7694288858147079,0.4733398971265977,0.7037797078815738,0.4615384615384615,1.0,0.2882386384719885,0.8571428571428572,2859.8906378698225,2.52,True
70,dim_draw,0.4934328459747866,0.7777777777777778,1.0,1.0,0.7425488333111292,0.2296312511396577,0.6787966117916147,0.4615384615384615,1.0,0.1999999999999999,0.8571428571428572,2961.306185245816,1.97,True
70,dim_flux,0.6428449770184901,0.8983966002732935,1.0,1.0,0.7665645842999095,0.4589990233127403,0.7034043977243084,0.4615384615384615,1.0,0.2882701122730671,0.7142857142857143,2931.748158939884,2.09,True
71,hand_drawn,0.4262081911747833,1.0,1.0,0.9666666666666668,0.8698856228382169,0.3149761092427334,0.7042499876254908,0.375,1.0,0.3162277660168379,0.75,4908.201456120961,0.0,False
71,sup_inf_attribute,0.5782459726121278,0.9146814020653614,0.8621256934344361,0.9666666666666668,0.8149535721378797,0.460158014110959,0.7058603647467452,0.375,1.0,0.2528819770609448,0.75,4551.746720555656,4.29,True
71,sup_inf_doubly,0.558881172229124,0.9008676273675404,0.850486294041175,0.9666666666666668,0.8490442606847811,0.3761373073617955,0.7118160201779764,0.4102564102564102,1.0,0.2525557621811222,0.875,4520.057781249964,1.91,True
71,dim_draw,0.5290389199951271,0.8888888888888887,0.86825894957022,0.9666666666666668,0.8085281835271446,0.2874312801743067,0.712251814534269,0.4473684210526316,1.0,0.2191986497404763,0.75,4612.940445829495,1.83,True
71,dim_flux,0.5425002481037718,0.9183605493652204,0.873828680967246,0.9666666666666668,0.8514152446809746,0.3451549941846138,0.7100605634410295,0.4102564102564102,1.0,0.2564311209250933,0.625,4532.670826887765,1.65,True
72,hand_drawn,0.4529791303773695,0.8571428571428571,1.0,1.0,0.7676496611586108,0.3101318375756454,0.6985796502139043,0.4,1.0,0.2,0.75,4143.472810317405,0.0,False
72,sup_inf_attribute,0.5815734130014879,0.9221793877674508,1.0,1.0,0.8422861523002103,0.4518247883163775,0.7247966132107468,0.4,1.0,0.2493162229886279,0.75,3950.6676446669617,5.95,True
72,sup_inf_doubly,0.6120404316322918,0.9712057351821596,1.0,1.0,0.8270199413527716,0.4179195221450115,0.7472910840424463,0.4482758620689655,1.0,0.3010599458495228,0.75,3689.96236674636,4.00,True
72,dim_draw,0.5150762997570152,0.7999999999999999,1.0,1.0,0.7403324746164928,0.198098592930069,0.7066513773384158,0.5,1.0,0.1802775637731994,0.625,3928.09238320707,3.84,True
72,dim_flux,0.6115877517862912,0.970526406076296,1.0,1.0,0.8324122756454199,0.4423708057488357,0.7495737749022531,0.4482758620689655,1.0,0.2840064397195392,0.75,3679.341462028891,3.62,True
73,hand_drawn,0.5705828028651465,0.7500000000000001,1.0,1.0,0.7800846332035613,0.4063578127853964,0.7014504155850312,0.3333333333333333,1.0,0.25,0.75,3903.1688101035584,0.0,True
73,sup_inf_attribute,0.6648673707516979,0.9809163229789586,1.0,1.0,0.8294232749368501,0.4439926717058562,0.7261519690068055,0.3333333333333333,1.0,0.2754461052786394,0.75,4280.716513008786,2.50,True
73,sup_inf_doubly,0.6817474743619396,0.947281457621618,1.0,1.0,0.7852608598857576,0.4521175354018071,0.7346695340563187,0.5172413793103449,1.0,0.2719528907862009,0.625,3990.2745958623213,1.96,True
73,dim_draw,0.5789552306498575,0.7999999999999999,1.0,1.0,0.755943893516016,0.2162664858244025,0.709741020487878,0.5714285714285714,1.0,0.1802775637731993,0.5,4015.158462872403,2.24,True
73,dim_flux,0.6839648694415008,0.9800328875571098,1.0,1.0,0.7892899338806131,0.4649409306247454,0.7367336450355579,0.5172413793103449,1.0,0.274658215999797,0.625,3999.7807935569044,2.05,True
74,hand_drawn,0.4262081911747833,0.6666666666666666,1.0,0.9594594594594594,0.7977187450316109,0.3606443686265511,0.6785468036836741,0.3636363636363636,1.0,0.1666666666666666,0.5454545454545454,7564.091486681152,0.0,True
74,sup_inf_attribute,0.6826006045388235,0.9350081662044848,0.8737745121329753,0.972972972972973,0.8404159423969503,0.4524428817825789,0.735266225426477,0.4634146341463415,1.0,0.2384510062087438,0.8181818181818181,5589.568754614258,4.31,True
74,sup_inf_doubly,0.683802327879037,0.8918105591679258,0.9515487062853326,0.972972972972973,0.8730803525248858,0.4957191492090939,0.7398155149089847,0.4285714285714285,1.0,0.2770776600214289,0.7272727272727273,5195.6597311360165,4.97,True
74,dim_draw,0.5873975479271161,0.8999999999999997,0.8415170001607392,0.972972972972973,0.7647515307124769,0.2448814380047804,0.7109893037112978,0.4285714285714285,1.0,0.1767766952966368,0.5454545454545454,5817.986310664604,3.42,True
74,dim_flux,0.6847906920584428,0.8879340141432011,0.950713700097693,0.972972972972973,0.8727268870682887,0.5008755554730335,0.7406845561446773,0.4285714285714285,1.0,0.2657633415910798,0.7272727272727273,5188.046983919592,5.06,True
75,hand_drawn,0.5160997362154273,1.0,1.0,0.9642857142857144,0.8575618127035592,0.2902493405385679,0.6935155377907037,0.2916666666666667,1.0,0.3162277660168379,0.7272727272727273,6182.028632424422,0.0,False
75,sup_inf_attribute,0.6795491780532039,0.8955407011425935,0.8674180365766454,0.9642857142857144,0.8228750624216377,0.3351925700336332,0.6525158467044736,0.3191489361702128,1.0,0.2026812589945545,0.7272727272727273,6834.107531967465,2.81,True
75,sup_inf_doubly,0.5961323001877433,0.9999843540172556,0.818587367944686,0.9642857142857144,0.8337231784493847,0.3542712861751592,0.6734550498329581,0.2916666666666667,1.0,0.2415825961370265,0.4545454545454545,6562.020672960659,0.83,True
75,dim_draw,0.5591030056219999,0.8999999999999997,0.8628225172620325,0.9642857142857144,0.7965519570158467,0.2948744020015241,0.682307441086214,0.4090909090909091,1.0,0.1961161351381839,0.5454545454545454,6685.695425210272,1.34,True
75,dim_flux,0.5961322109270936,0.9999842513583858,0.818587367892164,0.9642857142857144,0.8337231770334392,0.3542712274063507,0.6734550491390311,0.2916666666666667,1.0,0.2415825997626909,0.4545454545454545,6562.020679580095,0.83,True
76,hand_drawn,0.1256659163780025,0.8333333333333334,0.6256659163780023,0.9803921568627452,0.8559462962607189,0.3656919614052317,0.6864581395914051,0.3333333333333333,1.0,0.1666666666666666,0.625,5144.929869504405,0.0,True
76,sup_inf_attribute,0.4652290100945483,0.9232709787664056,0.9304580201890968,0.9803921568627452,0.865809035838222,0.5141807032573478,0.7132274874901565,0.3333333333333333,1.0,0.2639138558385719,0.75,4561.179587340972,3.20,True
76,sup_inf_doubly,0.4168631379822194,0.9999324506185964,0.9661577189073284,0.9803921568627452,0.8548864313390199,0.4855334096071766,0.7276422690727057,0.375,1.0,0.2560785087275109,0.75,4221.765372882868,2.48,True
76,dim_draw,0.2924811396848099,0.7999999999999999,0.9096655293982672,0.9803921568627452,0.7748762478019497,0.2746702018837624,0.6889839960040007,0.4666666666666667,1.0,0.1802775637731993,0.625,4231.819980779582,2.78,True
76,dim_flux,0.4078971664889217,0.9594093521753146,0.9691936235504824,0.9803921568627452,0.8530858873861117,0.4639193196698918,0.725509934386774,0.3333333333333333,1.0,0.2424868859149791,0.75,4180.804008004609,2.72,True
77,hand_drawn,0.4581412970544367,0.7500000000000001,0.7650557451002888,0.9361702127659576,0.7963346351255168,0.3557839792347843,0.6326143949676688,0.3333333333333333,1.0,0.2425356250363329,0.6363636363636364,6846.828105839164,0.0,False
77,sup_inf_attribute,0.2581563829331676,0.7448569401749823,0.6268356428193222,0.9361702127659576,0.7473773184926584,0.3755770465346847,0.6322742682592863,0.3333333333333333,0.9886541056478048,0.2128162686214234,0.6363636363636364,12112.126483589147,6.39,True
77,sup_inf_doubly,0.4342801647644381,0.9622570168205288,0.9030192695300844,0.9574468085106383,0.7814583742758004,0.4196570497361068,0.7054770367029495,0.4545454545454545,1.0,0.2442597293851544,0.8181818181818181,6899.484890270297,4.88,True
77,dim_draw,0.3722104670784836,0.8999999999999997,0.7951007829302577,0.9361702127659576,0.7907636329431356,0.3322952499050101,0.6841301020545243,0.3061224489795918,1.0,0.2640294272643456,0.5454545454545454,7002.142187380405,4.02,False
77,dim_flux,0.4217996286110888,0.8624075656436117,0.7402493835424886,0.9361702127659576,0.8026800330066898,0.4337783322382919,0.67162463850054,0.391304347826087,1.0,0.1866407280538512,0.6363636363636364,6913.097151553271,4.41,True
78,hand_drawn,0.5625,0.5,1.0,1.0,0.8626300335020142,0.4,0.8274080732101554,0.5,1.0,0.25,0.4285714285714286,3449.5822038171427,0.0,True
78,sup_inf_attribute,0.6986515587493511,0.5672069711392719,1.0,1.0,0.9663186541975084,0.5452282046648156,0.8538131301042493,0.44,1.0,0.2870817803686898,0.8571428571428572,3114.5492086046365,0.82,True
78,sup_inf_doubly,0.6914182346874331,0.6130162861005073,1.0,1.0,0.9541081426164064,0.507772377811251,0.8577383968247471,0.5652173913043478,1.0,0.2898500463857948,0.7142857142857143,3116.2772075526896,0.81,True
78,dim_draw,0.5841434537822283,0.8571428571428573,1.0,1.0,0.7772792644287743,0.2733527172522445,0.8223571556079992,0.5652173913043478,1.0,0.1428571428571428,0.7142857142857143,3113.5463846138127,1.80,True
78,dim_flux,0.6939673627454743,0.6137480444062049,1.0,1.0,0.9556916797373968,0.5123635635135285,0.8579155392162594,0.5652173913043478,1.0,0.2887085829972036,0.8571428571428572,3106.230729247201,0.82,True
79,hand_drawn,0.7083333333333333,0.75,1.0,1.0,0.8940442577450577,0.25,0.8202490010577463,0.5555555555555556,1.0,0.2425356250363329,0.75,4413.125773440032,0.0,False
79,sup_inf_attribute,0.7852211952152628,0.7448832523310188,1.0,1.0,0.9656408205108326,0.4364473285153978,0.8437271694702234,0.5,1.0,0.3112386737895187,0.875,4110.1744221708195,1.33,True
79,sup_inf_doubly,0.7909338503782698,0.7520656755351968,1.0,1.0,0.9538159319718684,0.4414551199201345,0.8460811901447534,0.5555555555555556,1.0,0.3048553933874282,0.875,4104.765094653261,1.56,True
79,dim_draw,0.714541258501173,0.8750000000000002,1.0,1.0,0.7525797517308397,0.2206436071873629,0.8208609174995343,0.5555555555555556,1.0,0.2253469547164992,0.625,4141.508131318691,3.37,True
79,dim_flux,0.7919184706045855,0.7291809829394253,1.0,1.0,0.954491874844934,0.4480953710329649,0.8460381422724246,0.5555555555555556,1.0,0.3046953299548943,0.875,4127.064436087847,1.69,True
80,hand_drawn,0.4487918088252166,0.75,1.0,1.0,0.8791538509335257,0.2841387941165222,0.7588465024627371,0.5,1.0,0.2425356250363329,0.75,4545.558816055091,0.0,True
80,sup_inf_attribute,0.6341123671819795,0.9639351753462224,1.0,1.0,0.8691962811914454,0.4208760341209859,0.7856336101371106,0.4,1.0,0.2810180900397205,0.75,3751.8971637314953,2.54,True
80,sup_inf_doubly,0.587046112715718,0.9437962478712236,1.0,1.0,0.873511721027244,0.3013221043086681,0.7924965499155237,0.5555555555555556,1.0,0.2881648294192885,0.75,3637.663835005185,2.64,True
80,dim_draw,0.5870241468550117,0.8888888888888887,1.0,1.0,0.7786964249780542,0.1280573454167052,0.7690799906341225,0.5555555555555556,1.0,0.1975829927879397,0.75,3874.680162598775,3.23,True
80,dim_flux,0.5874061251978251,0.9340901293071542,1.0,1.0,0.874634933656384,0.3095800895818822,0.7927166245372156,0.5555555555555556,1.0,0.2905947477836914,0.75,3614.2124824800994,2.77,True
81,hand_drawn,0.625,0.75,1.0,1.0,0.8845908365689445,0.2857142857142857,0.7990752770513588,0.4545454545454545,1.0,0.2425356250363329,0.7272727272727273,5932.133334675569,0.0,False
81,sup_inf_attribute,0.7786719600129852,0.993983621463023,1.0,1.0,0.9625454246553806,0.3976019575585175,0.8379235023098515,0.6,1.0,0.2718815110816288,0.8181818181818181,4867.149543118495,2.08,True
81,sup_inf_doubly,0.7789708209058152,0.963549481508974,1.0,1.0,0.9421575970954512,0.2813687812755177,0.8389826063689996,0.6,1.0,0.3132238796563593,0.8181818181818181,5061.201451303866,2.51,True
81,dim_draw,0.7194310509023698,0.8999999999999997,1.0,1.0,0.8131044314514002,0.1036416165397604,0.8211767647426897,0.6551724137931034,1.0,0.1793828805147865,0.6363636363636364,5125.152587560056,2.88,True
81,dim_flux,0.7791733462432833,0.9545748453822596,1.0,1.0,0.9433018471577138,0.2916870367152283,0.8388547579199039,0.6,1.0,0.3129439704582653,0.7272727272727273,5092.459720267469,2.61,True
82,hand_drawn,0.2899163823495667,0.5,0.5,0.9772727272727272,0.8567335094678824,0.4016109215663778,0.693378774286309,0.4,1.0,0.1240347345892084,0.75,5689.435252956028,0.0,True
82,sup_inf_attribute,0.4713317601209009,0.9111994651287852,0.927698015121684,0.9772727272727272,0.8583634444865252,0.4009484648515505,0.726527825190386,0.3548387096774194,1.0,0.24426151894491,0.75,4589.398408357076,3.04,True
82,sup_inf_doubly,0.3484756578001337,0.7185710725577721,0.907473830125846,0.9772727272727272,0.8895285273011905,0.3862478411086376,0.7581721694589834,0.4482758620689655,1.0,0.2798693951541844,0.75,4295.755040934064,2.70,True
82,dim_draw,0.3045845139925407,0.8888888888888887,0.9096655293982672,0.9772727272727272,0.7541533791820481,0.1860734433200462,0.7104071856782158,0.4482758620689655,1.0,0.1975829927879397,0.75,4221.460709951049,3.98,True
82,dim_flux,0.4479963037969157,0.9492203829405684,0.9178496188240606,0.9772727272727272,0.850900364702083,0.2816658414415757,0.7368719218064527,0.4482758620689655,1.0,0.2535442939158679,0.625,4072.969787371651,3.88,True
83,hand_drawn,0.4583333333333333,0.5,1.0,0.9841269841269842,0.8590692997500945,0.4285714285714286,0.7352489978525056,0.2972972972972973,1.0,0.25,0.6363636363636364,7002.316441493048,0.0,True
83,sup_inf_attribute,0.7234920942090506,0.8412612448448706,0.9644297574197704,0.9841269841269842,0.8994088562545367,0.420832999225715,0.7752525763481326,0.3714285714285714,1.0,0.2480115179654753,0.7272727272727273,5901.473089382345,3.69,True
83,sup_inf_doubly,0.5289829410752382,0.6191657736558265,0.844994453642951,0.9841269841269842,0.8854204208511847,0.4852703958239032,0.762180815512347,0.2972972972972973,1.0,0.2048546245585863,0.6363636363636364,6381.428362901753,1.54,True
83,dim_draw,0.530267066768547,0.9999999999999998,0.8519496526456578,0.9841269841269842,0.723013234622892,0.355723491931602,0.7476926831055155,0.4117647058823529,1.0,0.1999999999999999,0.6363636363636364,6392.246532445165,3.33,True
83,dim_flux,0.5235872714492327,0.7322216896958708,0.8159520145926327,0.9841269841269842,0.8552196558539373,0.4119130493530549,0.7609501658740089,0.3333333333333333,1.0,0.2014943803202251,0.6363636363636364,6310.904292254344,1.79,True
84,hand_drawn,0.525,0.5,1.0,0.979591836734694,0.8610708270986782,0.4117647058823529,0.744599079226806,0.425531914893617,1.0,0.25,0.7272727272727273,9455.248799199417,0.0,True
84,sup_inf_attribute,0.6173155493026299,0.5690271025518763,0.8241608520673863,0.979591836734694,0.8967526699520668,0.5151693706171363,0.7658067359144938,0.4565217391304347,1.0,0.1837213479392272,0.7272727272727273,8798.353271063817,1.12,True
84,sup_inf_doubly,0.6212071213720414,0.5904539504321288,0.8203847072085598,0.979591836734694,0.9009365873864064,0.5147025713671131,0.7668266536325106,0.4565217391304347,1.0,0.1749435997341813,0.8181818181818181,8779.219490050755,1.16,True
84,dim_draw,0.6229809898772956,1.0,0.8193310587965337,0.979591836734694,0.7091882234805107,0.4348714292603541,0.7493707950084182,0.3673469387755102,1.0,0.1802775637731994,0.5454545454545454,8972.287428616717,3.39,True
84,dim_flux,0.6147172751211134,0.5921629823756972,0.8337230545705916,0.979591836734694,0.8966149809884181,0.5062713374907797,0.7666682456024982,0.4565217391304347,1.0,0.1835152010413114,0.7272727272727273,8793.118901567525,1.11,True
85,hand_drawn,0.4201672353008664,0.75,1.0,1.0,0.7729975253573454,0.3601301742593813,0.6883396583995027,0.3548387096774194,1.0,0.25,0.625,5198.463955071494,0.0,True
85,sup_inf_attribute,0.5821241315815686,0.940686810940042,1.0,1.0,0.8010261515676974,0.4367959182920159,0.7117929407036503,0.3125,1.0,0.2754665700360855,0.75,4012.921685537601,3.08,True
85,sup_inf_doubly,0.6057399406312992,0.9923130725127566,1.0,1.0,0.8107672963455437,0.4169246984727328,0.7171150459758918,0.4,1.0,0.2943555117945491,0.75,3819.5393851203576,3.53,True
85,dim_draw,0.5006659163780025,0.7999999999999999,1.0,1.0,0.7049880365650673,0.1836820142813436,0.666473523374512,0.4482758620689655,1.0,0.1793828805147865,0.75,4071.240578730505,3.11,True
85,dim_flux,0.6034297745561321,0.9524541874630824,1.0,1.0,0.8052732140645605,0.4102275156790157,0.7162210523586878,0.4,1.0,0.2827956644882894,0.75,3766.792584253159,3.69,True
86,hand_drawn,0.6516109215663779,0.75,1.0,1.0,0.8782279116691525,0.3149761092427333,0.7576511920440909,0.4545454545454545,1.0,0.2425356250363329,0.7272727272727273,5886.453014010876,0.0,False
86,sup_inf_attribute,0.8477917532788065,0.8875590754913081,1.0,1.0,0.8933655716538944,0.4564321418951454,0.7680736064534296,0.3714285714285714,1.0,0.2464670181854091,0.7272727272727273,5198.047632754377,2.48,True
86,sup_inf_doubly,0.8398198537854396,0.9411929723967776,1.0,1.0,0.871710965261285,0.4163797764438266,0.7800880899982964,0.4117647058823529,1.0,0.3002365874459971,0.8181818181818181,4991.694006326994,2.31,True
86,dim_draw,0.7007782056910237,0.818181818181818,1.0,1.0,0.7706147651448468,0.1574984378446184,0.7363904048997378,0.5,1.0,0.1637196497410747,0.5454545454545454,5324.679165034149,3.59,True
86,dim_flux,0.8245389010958365,0.9606860546588084,1.0,1.0,0.8700451684820566,0.4169589518211384,0.779538480318541,0.4545454545454545,1.0,0.3059769088377161,0.8181818181818181,4973.5174245913595,2.42,True
87,hand_drawn,0.4432775882330445,0.75,1.0,1.0,0.8568252676293372,0.344237932771181,0.7293839779448938,0.3714285714285714,1.0,0.2425356250363329,0.7272727272727273,6200.50947976316,0.0,True
87,sup_inf_attribute,0.6349045694212958,0.9704983541242316,1.0,1.0,0.895277246087176,0.4250590179051743,0.7661642241004132,0.3333333333333333,1.0,0.2452532474944638,0.7272727272727273,5264.06573591565,3.02,True
87,sup_inf_doubly,0.6343445217200905,0.933540020226704,1.0,1.0,0.8542765353927805,0.4308052090202035,0.7724927796044982,0.4117647058823529,1.0,0.2861984971821746,0.7272727272727273,5072.009643876756,2.95,True
87,dim_draw,0.59338419983801,0.818181818181818,1.0,1.0,0.7455887712200823,0.1297778585408231,0.7181785521511057,0.5483870967741935,1.0,0.1637196497410747,0.4545454545454545,5175.450478941694,4.36,True
87,dim_flux,0.630153695471501,0.941644226325044,1.0,1.0,0.8620140094774491,0.443534753134426,0.7749088400709051,0.4117647058823529,1.0,0.2873747609910423,0.8181818181818181,5034.1186236082785,2.98,True
88,hand_drawn,0.5159665529398267,0.75,1.0,0.9696969696969696,0.7916454811106683,0.3182156193763685,0.6905212072496283,0.425531914893617,1.0,0.2425356250363329,0.7272727272727273,8715.581670363888,0.0,False
88,sup_inf_attribute,0.5101647978149528,0.9169149097202464,0.8395891241303407,0.9797979797979798,0.7763218170376209,0.3598411520485133,0.6919388757321757,0.4565217391304347,1.0,0.2006100153486805,0.8181818181818181,8412.612194664738,8.43,True
88,sup_inf_doubly,0.5951628986309524,0.9546766389036282,0.9298907037033656,0.9696969696969696,0.830918523479928,0.3849219357870335,0.71543903088393,0.3958333333333333,1.0,0.2555190568561101,0.9090909090909092,7856.243360586442,3.48,True
88,dim_draw,0.6313833251376259,0.9090909090909092,0.806649626228729,0.9696969696969696,0.737507268839783,0.2973582363542361,0.7024715424598824,0.4565217391304347,1.0,0.1598132505429881,0.5454545454545454,7897.1530701606,3.32,True
88,dim_flux,0.5966649406818929,0.946202213187842,0.919161918924358,0.9696969696969696,0.8249786287676762,0.3752462561242734,0.7138719487219732,0.425531914893617,1.0,0.2559239728808286,0.9090909090909092,7875.550318268305,3.17,True
89,hand_drawn,0.5090334470601733,0.75,1.0,0.97,0.8382287888637636,0.280647259517953,0.6823955349131143,0.3137254901960784,1.0,0.1767766952966369,0.5454545454545454,9128.698425648114,0.0,True
89,sup_inf_attribute,0.6523650272812428,0.9395314392630052,0.843242692443985,0.97,0.8429945282133562,0.3686555996097512,0.6903942104167138,0.3673469387755102,1.0,0.197279380123953,0.8181818181818181,7975.937561753964,4.09,True
89,sup_inf_doubly,0.6543507018903783,0.9531437319404154,0.8465647366912951,0.97,0.8618835165459103,0.3776892086795278,0.7041391727294724,0.3673469387755102,1.0,0.2274284534461879,0.8181818181818181,7661.264296074004,3.33,True
89,dim_draw,0.5671255904448442,0.9090909090909092,0.8449945509890455,0.97,0.7628144417561794,0.2718983629636999,0.6880878033639011,0.425531914893617,1.0,0.1598132505429882,0.6363636363636364,7621.418505285671,3.89,True
89,dim_flux,0.6561958360544905,0.9437208467009404,0.8395945221895526,0.97,0.8598124655031233,0.3727422424509079,0.7039928544481091,0.3673469387755102,1.0,0.2230621230906743,0.8181818181818181,7618.371786479839,2.88,True
90,hand_drawn,0.451583714395367,0.75,1.0,1.0,0.8893263676916533,0.3898738173179841,0.7421625665456999,0.2272727272727272,1.0,0.25,0.7272727272727273,8565.084145035607,0.0,True
90,sup_inf_attribute,0.8247513739708083,0.9354381036183306,1.0,1.0,0.973182841261772,0.436904960763026,0.820190124541641,0.35,1.0,0.2453294617029696,0.8181818181818181,6666.11794857867,3.62,True
90,sup_inf_doubly,0.8244321633099757,0.9323841279092464,1.0,1.0,0.9104130404960782,0.4439907558578697,0.821896438218564,0.4210526315789473,1.0,0.2850092583524098,0.9090909090909092,6490.158921444361,3.42,True
90,dim_draw,0.7383343503475341,0.8333333333333334,1.0,1.0,0.7923201482455164,0.1375363448479587,0.76229301090567,0.5882352941176471,1.0,0.1502313031443328,0.6363636363636364,6723.2078890409775,3.95,True
90,dim_flux,0.8035826793971313,0.9137741373014492,1.0,1.0,0.88252406469002,0.4526380899419141,0.8159454973791617,0.4210526315789473,1.0,0.2867804142593743,0.8181818181818181,6478.012356783971,3.38,True
91,hand_drawn,0.6887235490353552,1.0,0.8193310587965338,0.9689922480620154,0.7438091645945317,0.3202112445905682,0.7048547806217722,0.4230769230769231,1.0,0.2,0.8181818181818181,10609.507411971515,0.0,True
91,sup_inf_attribute,0.4964000424530058,0.8493194545889994,0.9137689896801676,0.9689922480620154,0.7517001221370347,0.2753786479438146,0.6747630405660088,0.3454545454545454,1.0,0.1688577886777398,0.9090909090909092,11835.126871102979,8.71,True
91,sup_inf_doubly,0.6337101208410327,0.9082684594726832,0.8988505988319024,0.9689922480620154,0.7986694473695001,0.2464075587964999,0.7186786883011123,0.3962264150943396,1.0,0.2033119506565802,0.6363636363636364,10552.209894202157,2.10,True
91,dim_draw,0.6676668924048459,0.9166666666666666,0.7839996130202646,0.9689922480620154,0.7449930384875183,0.294316033881938,0.7111337174360963,0.4230769230769231,1.0,0.1643989873053572,0.6363636363636364,10723.090770981475,2.34,True
91,dim_flux,0.6337101611265459,0.9082684862616336,0.8988505965579039,0.9689922480620154,0.798669451339538,0.2464177913628855,0.7186786890563761,0.3962264150943396,1.0,0.2033119572477926,0.6363636363636364,10552.210015789158,2.10,True
92,hand_drawn,0.3524163823495667,1.0,1.0,0.9841269841269842,0.8266927884048285,0.3020711848710571,0.693131226038437,0.2631578947368421,1.0,0.25,0.6363636363636364,6376.58157475802,0.0,True
92,sup_inf_attribute,0.4545022780878858,0.8238875712914846,0.9090045561757704,0.9841269841269842,0.8835482586329414,0.4977677653954641,0.7258312255279227,0.3714285714285714,1.0,0.229512264584524,0.7272727272727273,5864.9901685704135,4.22,True
92,sup_inf_doubly,0.4397449102722668,0.8700523590868933,0.8511264145967474,0.9841269841269842,0.8081108467009754,0.3984602984620847,0.7179126607342021,0.3333333333333333,1.0,0.2355449533401183,0.6363636363636364,5066.4619701143165,4.32,True
92,dim_draw,0.3101468625729444,0.818181818181818,0.8888002244284294,0.9841269841269842,0.7411179983932645,0.1804245544668739,0.7021570895639682,0.4545454545454545,1.0,0.1637196497410747,0.4545454545454545,5378.583114430921,3.48,True
92,dim_flux,0.4225945970962896,0.9592974798548396,0.9623611116377184,0.9841269841269842,0.8759295865306852,0.4415664520054375,0.7471618300280484,0.3333333333333333,1.0,0.2972462360377762,0.7272727272727273,5272.752370413351,3.38,True
93,hand_drawn,0.5682775882330444,1.0,1.0,0.9883720930232558,0.8724168120039768,0.3012081911747833,0.7456398276208064,0.3170731707317073,1.0,0.25,0.7272727272727273,7982.634997037613,0.0,True
93,sup_inf_attribute,0.7616022123422127,0.7669067205306379,0.8872403293934643,0.9883720930232558,0.9252246937359784,0.5080096909051792,0.7758199324379528,0.2857142857142857,1.0,0.2162783710595857,0.8181818181818181,7395.352982004257,3.32,True
93,sup_inf_doubly,0.7437904672687436,0.8700653752234301,0.9922806416808372,0.9883720930232558,0.870303725777867,0.4488455184436936,0.7791221183942743,0.4210526315789473,1.0,0.2512346821558782,0.7272727272727273,7152.38142472794,2.83,True
93,dim_draw,0.578575159550369,0.8333333333333334,0.8888002244284293,0.9883720930232558,0.7561799181059824,0.1970314460887972,0.7327910809424679,0.5428571428571428,1.0,0.1502313031443329,0.6363636363636364,7146.4957164284815,2.67,True
93,dim_flux,0.7619368485064001,0.8619640955899202,0.9909525239689246,0.9883720930232558,0.879161002631688,0.4685420553644331,0.7823860927534331,0.4210526315789473,1.0,0.2503451477004612,0.7272727272727273,7100.978246625587,3.13,True
94,hand_drawn,0.5409665529398267,1.0,1.0,0.9761904761904762,0.8709742541609514,0.3062805820419229,0.7151011023182572,0.2982456140350877,1.0,0.25,0.7272727272727273,10988.760255175257,0.0,True
94,sup_inf_attribute,0.6497930044742448,0.7198359741397932,0.7832413446364942,0.9761904761904762,0.8670307326341412,0.4243732261015497,0.7369210300213334,0.3962264150943396,1.0,0.1993195295234564,0.8181818181818181,11091.79954196133,2.87,True
94,sup_inf_doubly,0.6462784533004734,0.7104508681666274,0.8351431037185947,0.9761904761904762,0.8708285675977843,0.42296084959745,0.7380546422450116,0.4230769230769231,1.0,0.2048015007611633,0.7272727272727273,11119.759871143759,2.54,True
94,dim_draw,0.5520518058681947,0.9166666666666666,0.8355323456838863,0.9761904761904762,0.7314543567396817,0.320037514812683,0.7224629998742503,0.3703703703703703,1.0,0.1502313031443328,0.6363636363636364,11164.655151686757,2.71,False
94,dim_flux,0.645874443504582,0.7212628358376125,0.8365361327344559,0.9761904761904762,0.8687194807755049,0.4339235599555677,0.7389346419100663,0.3962264150943396,1.0,0.2048201779227342,0.7272727272727273,11058.900262316343,2.63,True
95,hand_drawn,0.46875,0.6666666666666666,1.0,0.9622641509433962,0.8223886142840454,0.3076923076923077,0.7228618242632471,0.2941176470588235,1.0,0.2357022603955158,0.75,4919.1657092254445,0.0,True
95,sup_inf_attribute,0.5550836642983416,0.752689768554652,0.793077212028991,0.9622641509433962,0.82227704038875,0.4390030967945043,0.7248694327801797,0.3333333333333333,1.0,0.2279672434703637,0.875,4756.4711625401305,2.22,True
95,sup_inf_doubly,0.5223583277975353,0.8241530784059969,0.8823856975258096,0.9622641509433962,0.8436556517526966,0.4821525160880583,0.7529372719129147,0.375,1.0,0.312408946654477,0.875,4304.001401743777,2.31,True
95,dim_draw,0.5350906071489925,0.8750000000000002,0.8519496526456579,0.9622641509433962,0.7454754885803152,0.4384559240362586,0.7294254825217605,0.4193548387096774,1.0,0.125,0.625,4586.618679119762,2.70,True
95,dim_flux,0.5234264797181105,0.8050390505378356,0.8792482252435643,0.9622641509433962,0.8495151078900435,0.4698355413429874,0.7517092755326076,0.375,1.0,0.3009907798792815,0.875,4355.627156935057,2.05,True
96,hand_drawn,0.5,1.0,1.0,0.9666666666666668,0.8698856228382169,0.3149761092427334,0.7042499876254907,0.375,1.0,0.3162277660168379,0.75,4908.201456120961,0.0,True
96,sup_inf_attribute,0.5598209046093094,0.9209205881144776,0.8417010271806583,0.9666666666666668,0.8222995037185471,0.3277157109134905,0.6936321290366545,0.3414634146341463,1.0,0.2620453213750541,0.625,4875.115570632225,2.79,True
96,sup_inf_doubly,0.492694597786895,0.8918871587149341,0.8672761689179649,0.9666666666666668,0.8523297522713597,0.3964947274293181,0.7104277841278883,0.4102564102564102,1.0,0.2554897093261445,0.875,4520.120689036754,1.81,True
96,dim_draw,0.4660074376696129,0.8888888888888887,0.86825894957022,0.9666666666666668,0.8085281835271446,0.2874312801743067,0.7122518145342691,0.4473684210526316,1.0,0.2191986497404763,0.75,4612.940445829496,1.83,True
96,dim_flux,0.4962368053433053,0.9193811889593344,0.86508266108686,0.9666666666666668,0.8483826873752299,0.3455994800560186,0.7109043488195703,0.4102564102564102,1.0,0.2439367478215365,0.75,4526.7181461669925,1.66,True
97,hand_drawn,0.5,0.75,1.0,0.972972972972973,0.837408897257886,0.3879554039197689,0.6882820136664578,0.3953488372093023,1.0,0.25,0.7272727272727273,6951.276654159968,0.0,True
97,sup_inf_attribute,0.5424821468344649,0.9711323394842746,0.860183975170856,0.972972972972973,0.8120815521140461,0.3288703599235546,0.7236159987842348,0.4285714285714285,1.0,0.2699502097120879,0.7272727272727273,5860.487423933119,2.63,True
97,sup_inf_doubly,0.5247272361804871,0.8811838610213331,0.8816812900687955,0.972972972972973,0.8377658092918742,0.4101763762171954,0.7448732865335397,0.5384615384615384,1.0,0.2567580485950617,0.7272727272727273,5384.587669884319,3.23,True
97,dim_draw,0.4812519949406272,0.8999999999999997,0.8415170001607392,0.972972972972973,0.7750449967214137,0.2562204494292681,0.7308490176427751,0.5384615384615384,1.0,0.1793828805147864,0.7272727272727273,5731.847092993524,3.67,True
97,dim_flux,0.5266259401014566,0.8603761263956025,0.8710762224259734,0.972972972972973,0.8355867841580034,0.4177465778926826,0.7445338400551818,0.5384615384615384,1.0,0.2583770100397931,0.7272727272727273,5291.880242947459,3.49,True
98,hand_drawn,0.475,0.6666666666666666,1.0,0.96,0.7232922562276938,0.4117647058823529,0.6997904921599136,0.3137254901960784,1.0,0.1666666666666666,0.5454545454545454,9713.315100795877,0.0,True
98,sup_inf_attribute,0.5196535702478146,0.8827058957530666,0.8853943289465113,0.97,0.825969039021545,0.3449539082843694,0.7007989560945269,0.3673469387755102,1.0,0.2332693509952821,0.7272727272727273,8331.344767615969,3.73,True
98,sup_inf_doubly,0.5050538197744986,0.752884693713531,0.9319255924782412,0.96,0.7841383487438893,0.3669636717000047,0.7076026874179426,0.3958333333333333,1.0,0.1805971761098719,0.7272727272727273,8889.138320276326,1.55,True
98,dim_draw,0.5743801953020409,1.0,0.7880331013417777,0.96,0.7075106039589066,0.4446903963049835,0.6995062522033636,0.34,1.0,0.1767766952966367,0.6363636363636364,8994.250252086023,2.41,True
98,dim_flux,0.5050538376496672,0.7528408822195594,0.9319256075806476,0.96,0.7841383531535889,0.3670381083198401,0.7076026863898077,0.3958333333333333,1.0,0.1805971732265368,0.8181818181818181,8889.138629370538,1.55,True
99,hand_drawn,0.3975836176504332,1.0,1.0,0.9666666666666668,0.82879971715736,0.311524134457638,0.675036319713877,0.3095238095238095,1.0,0.3287979746107145,0.75,5372.9832163168,0.0,True
99,sup_inf_attribute,0.4977177728238041,0.9196334186643736,0.9469707333263448,0.9666666666666668,0.7832075904998251,0.4097927524952703,0.6568658648345204,0.3414634146341463,1.0,0.2735845413618535,0.75,5117.179309577958,4.09,True
99,sup_inf_doubly,0.4951606867718986,0.9293900023860348,0.8672549125103367,0.9666666666666668,0.7976391988016251,0.3449044539648188,0.6708131999095215,0.3095238095238095,1.0,0.25446449227259,0.5,4978.523352119657,1.59,True
99,dim_draw,0.4811198657534578,0.7999999999999999,0.8845682464947819,0.9666666666666668,0.7746214896098563,0.3471029067660768,0.6583938198073347,0.4102564102564102,1.0,0.1990074380419978,0.75,5059.570355995796,1.90,True
99,dim_flux,0.465810758033403,0.9295589586960435,0.9081055758207645,0.9666666666666668,0.7996369031293084,0.3345673571196369,0.6718742928161785,0.375,1.0,0.2632174693455948,0.5,4993.64757098646,1.46,True
100,hand_drawn,0.3975836176504332,1.0,1.0,0.972972972972973,0.8012862368933644,0.2954667182639647,0.6879292665871177,0.3953488372093023,1.0,0.2324952774876385,0.7272727272727273,6815.814891837209,0.0,True
100,sup_inf_attribute,0.4618314682193338,0.9745199020087488,0.9745569503634858,0.972972972972973,0.81248928637229,0.4471150719197407,0.7003530748309041,0.3636363636363636,1.0,0.2632618024123732,0.7272727272727273,5924.654417708715,5.34,True
100,sup_inf_doubly,0.4906496681675165,0.9693670163458796,0.9210354881542736,0.972972972972973,0.8314462877437402,0.4060759661888247,0.7084275433837341,0.3636363636363636,1.0,0.257739823361441,0.7272727272727273,5698.494135040364,2.73,True
100,dim_draw,0.4933518384468796,0.818181818181818,0.851949652645658,0.972972972972973,0.7681071390109616,0.319247704224982,0.6973588239784809,0.4285714285714285,1.0,0.1623858625527418,0.6363636363636364,5853.617686104132,2.93,True
100,dim_flux,0.4900992969449143,0.9630145616944816,0.9181602136748196,0.972972972972973,0.830564922928997,0.406589598171184,0.7079761600609535,0.3636363636363636,1.0,0.2626694744792215,0.7272727272727273,5683.63804589757,2.76,True
101,hand_drawn,0.4574581911747833,1.0,1.0,0.9759036144578314,0.8513893672206686,0.3637081911747833,0.6907446205574053,0.3478260869565217,1.0,0.3162277660168379,0.7272727272727273,6208.579431921647,0.0,True
101,sup_inf_attribute,0.5039180625424364,0.9109030685805044,0.9909559983598978,0.9759036144578314,0.8311810237157132,0.4330957454124211,0.7000745792770272,0.3777777777777777,1.0,0.2809666004502356,0.8181818181818181,6243.540491249166,3.71,True
101,sup_inf_doubly,0.5202617573426023,0.8911882336875875,0.9179368643821992,0.9759036144578314,0.8330075919111014,0.4002729858301675,0.7002102619221315,0.3777777777777777,1.0,0.2494926700147562,0.7272727272727273,6041.00299288292,2.19,True
101,dim_draw,0.4599557505157475,0.818181818181818,0.8682589495702198,0.9759036144578314,0.7783294185132419,0.2954647421836746,0.6807178003309997,0.4090909090909091,1.0,0.1623858625527418,0.5454545454545454,6079.5957683587885,2.57,True
101,dim_flux,0.5179139662855885,0.867565014823568,0.9364425468111268,0.9759036144578314,0.8333024575909114,0.3960085721340544,0.7007024024584214,0.3777777777777777,1.0,0.2568564166729256,0.8181818181818181,5990.931770242911,2.60,True
102,hand_drawn,0.3837174058911267,0.9,0.8457993176389602,0.954954954954955,0.7618774232318434,0.3452922904181561,0.6426372487396719,0.4081632653061224,1.0,0.2,0.6363636363636364,10066.303364425241,0.0,True
102,sup_inf_attribute,0.5147609678257956,0.9191250572274304,0.8714596111206211,0.954954954954955,0.7873231530205205,0.3072066635712649,0.6552601719992726,0.3269230769230769,1.0,0.2154138795884146,0.7272727272727273,9179.457176461734,3.37,True
102,sup_inf_doubly,0.5885264684953257,0.956671986950534,0.8639999853194862,0.945945945945946,0.8088765440808111,0.2901617207022482,0.6832835001307611,0.3269230769230769,1.0,0.2310506069189753,0.6363636363636364,8578.612137639166,3.87,True
102,dim_draw,0.544163649011152,0.9090909090909092,0.8163479534473269,0.945945945945946,0.7623557208272099,0.3172239794271831,0.6816956166401789,0.4081632653061224,1.0,0.159813250542988,0.5454545454545454,8647.234467915274,3.55,True
102,dim_flux,0.5777934464402837,0.9648325088373644,0.8704760466733006,0.945945945945946,0.8082603675337227,0.2907700699462511,0.6828315049065583,0.3269230769230769,1.0,0.2343180372371883,0.6363636363636364,8599.274022531812,3.87,True
103,hand_drawn,0.4574581911747833,0.75,1.0,0.9797979797979798,0.8160214407185957,0.4252350934232235,0.6847961960631386,0.34,1.0,0.25,0.8181818181818181,8824.22656470699,0.0,True
103,sup_inf_attribute,0.484923492404205,0.9467987754499648,0.9602918872631644,0.9797979797979798,0.845798138693855,0.4449079065922634,0.7323953853058183,0.3958333333333333,1.0,0.2752355016820399,0.9090909090909092,7385.669896736979,3.31,True
103,sup_inf_doubly,0.5109735505209284,0.9164849419500336,0.967176093287407,0.9797979797979798,0.837085366656228,0.4306512389182751,0.7345701724605126,0.425531914893617,1.0,0.2062516153832996,0.9090909090909092,7103.460217974251,3.74,True
103,dim_draw,0.4749045983065255,0.8333333333333334,0.8415170001607393,0.9797979797979798,0.7537039084759494,0.2344741026134659,0.7013392577012199,0.5581395348837209,1.0,0.1481872445909547,0.6363636363636364,7389.309423872299,4.28,True
103,dim_flux,0.5080503472668328,0.9070717077627016,0.9688513724037336,0.9797979797979798,0.8357154172736799,0.4602239370903732,0.7360669728005859,0.425531914893617,1.0,0.225899056946747,0.9090909090909092,6968.826363533145,3.92,True
104,hand_drawn,0.4659665529398267,0.75,1.0,0.9765625,0.8468803391234732,0.3373508173367509,0.6791516021255894,0.3214285714285714,1.0,0.2425356250363329,0.8181818181818181,11204.970034120863,0.0,False
104,sup_inf_attribute,0.5514230482404795,0.9037117384181392,0.8659547774633318,0.96875,0.8023479282414423,0.4961148521928498,0.6927055932428661,0.3703703703703703,1.0,0.183266770115186,0.8181818181818181,10533.911940462915,3.68,True
104,sup_inf_doubly,0.4934300125103258,0.9327903574340852,0.915040995335794,0.9765625,0.8158971051822276,0.3748148140030835,0.7026928306361673,0.3454545454545454,1.0,0.2381735875275013,0.8181818181818181,10311.47905463471,3.39,True
104,dim_draw,0.4931815353459257,0.846153846153846,0.8310843476758204,0.9765625,0.7402003883096028,0.2895162502176516,0.6882878469597529,0.5102040816326531,1.0,0.1361797922086511,0.6363636363636364,10717.399373503877,3.62,True
104,dim_flux,0.5023379539669414,0.941822471242822,0.9083224307343982,0.9765625,0.8069034508033108,0.3264066486890915,0.6999704461694422,0.3214285714285714,1.0,0.2261778034335564,0.9090909090909092,10437.241339895854,2.60,True
105,hand_drawn,0.3753995498268014,0.7500000000000001,0.8864001547918943,0.9590163934426228,0.8015657997722283,0.3476129626588788,0.6655083996902316,0.3148148148148148,1.0,0.25,0.7272727272727273,8150.222980838089,0.0,True
105,sup_inf_attribute,0.4372446445047796,0.8465611384493756,0.8876547856075478,0.9590163934426228,0.8095691465266636,0.4142472753655355,0.6527784282846252,0.2678571428571428,1.0,0.2040740552308877,0.7272727272727273,9073.721736284022,2.86,True
105,sup_inf_doubly,0.3683059724550099,0.8971972143344292,0.8570816792229244,0.9590163934426228,0.820761498136455,0.3845600547127786,0.6664810201435211,0.3148148148148148,1.0,0.2257968418539275,0.4545454545454546,8677.075513418122,1.51,True
105,dim_draw,0.3123274063568129,0.8333333333333334,0.8905134945070623,0.9590163934426228,0.7775711683392257,0.3285870089225928,0.6628700400149397,0.3396226415094339,1.0,0.1643989873053573,0.5454545454545454,8740.000164989697,1.66,True
105,dim_flux,0.3705997897662567,0.8995192152114028,0.8671883798884111,0.9590163934426228,0.8219966299560342,0.3740227123298416,0.6674787520717252,0.3148148148148148,1.0,0.233197336384021,0.5454545454545454,8699.244548222541,1.35,True
106,hand_drawn,0.5736987584730832,1.0,0.7978581627968162,0.9507042253521126,0.8031891109480358,0.3474488129694222,0.6566242966929196,0.3333333333333333,1.0,0.25,0.8181818181818181,11627.01229928548,0.0,True
106,sup_inf_attribute,0.3689732565312872,0.9318896027789436,0.8635788099433691,0.9507042253521126,0.8120462167991673,0.3074895223657213,0.6608611233552691,0.3103448275862069,1.0,0.1869707912489125,0.8181818181818181,12001.957780660709,13.75,True
106,sup_inf_doubly,0.571237280834936,0.904978355844362,0.8298745590363098,0.9507042253521126,0.8145789572507524,0.3484572891103742,0.6742553017957722,0.3103448275862069,1.0,0.2019025001930171,0.7272727272727273,10672.444181338415,2.76,True
106,dim_draw,0.4909244603924383,0.846153846153846,0.805624832452255,0.9507042253521126,0.7535398813738012,0.2802586824284022,0.6668035213074265,0.3333333333333333,1.0,0.1385725924120607,0.6363636363636364,10791.81356672941,3.14,True
106,dim_flux,0.5375090906242792,0.9277820792219172,0.8108515336329545,0.9507042253521126,0.8048542544790354,0.3345993566102659,0.6709080466320554,0.288135593220339,1.0,0.2082194567043055,0.7272727272727273,10731.273475661004,2.94,True
107,hand_drawn,0.2951672353008667,0.8,0.838495484894954,0.9404761904761904,0.7419286243588344,0.3110345462392663,0.6472076396093263,0.3793103448275862,1.0,0.2,0.4545454545454546,12153.643564438773,0.0,False
107,sup_inf_attribute,0.2764989981342745,0.8917083454824825,0.810610700464601,0.9404761904761904,0.7511843204166617,0.3224394660399836,0.6254453257590906,0.3333333333333333,1.0,0.1608796708058761,0.7272727272727273,13658.803471079955,3.15,True
107,sup_inf_doubly,0.3156663358849277,0.9538724175753784,0.8006558538713282,0.9345238095238096,0.8185704995708644,0.3568353211392958,0.6408820244887122,0.2121212121212121,1.0,0.1738465417087712,0.6363636363636364,12889.808661364998,2.83,True
107,dim_draw,0.2179940521740497,0.7857142857142856,0.8386180520714854,0.9285714285714286,0.7987625706481802,0.2510734586538149,0.6419656489954972,0.2307692307692307,1.0,0.1428571428571428,0.5454545454545454,12992.625648996021,2.03,False
107,dim_flux,0.2406347072277066,0.9286684047796612,0.836489346460189,0.9285714285714286,0.8327597258742823,0.3004196541568346,0.6384335417345965,0.1764705882352941,1.0,0.1705937048143319,0.5454545454545454,12900.595804765879,3.13,True
108,hand_drawn,0.46875,0.5,1.0,0.9607843137254902,0.8648653424108975,0.3846153846153846,0.7584091852789803,0.2941176470588235,1.0,0.25,0.75,5889.180348695308,0.0,True
108,sup_inf_attribute,0.5139324557775062,0.5456917804739353,0.9036107560179408,0.9607843137254902,0.8660368943357486,0.4438858377366741,0.7611366310900317,0.3333333333333333,1.0,0.2203779462500147,0.75,5738.813603431316,0.45,True
108,sup_inf_doubly,0.5139324488066933,0.5456852920068429,0.9036107754780264,0.9607843137254902,0.8660368779443245,0.4438987624971771,0.7611366426813256,0.3333333333333333,1.0,0.2203779663053061,0.75,5738.813323404015,0.45,True
108,dim_draw,0.5228586344555711,0.7500000000000002,0.8845682464947819,0.9607843137254902,0.7564721292856174,0.4556503098493649,0.7636023313060702,0.3333333333333333,1.0,0.125,0.75,5978.348092321401,2.02,True
108,dim_flux,0.5139324579664515,0.5456684354475686,0.9036107559469322,0.9607843137254902,0.8660368916641306,0.4439318419365944,0.7611366326914808,0.3333333333333333,1.0,0.2203779487059324,0.75,5738.813586277179,0.45,True
109,hand_drawn,0.575,0.75,1.0,0.9726027397260274,0.8894747358016512,0.2666666666666667,0.7602218374005347,0.4634146341463415,1.0,0.2425356250363329,0.7272727272727273,7052.048447059676,0.0,False
109,sup_inf_attribute,0.6037004956318207,0.7537786783143257,0.8942126858982659,0.9726027397260274,0.8912208811288055,0.3552985184950393,0.7676828552479642,0.5,1.0,0.2119110246730225,0.7272727272727273,6832.798215513383,0.96,True
109,sup_inf_doubly,0.6037005103211879,0.7745651255373053,0.8942126697858238,0.9726027397260274,0.8912209037582056,0.3382517363267927,0.7676828480711373,0.5,1.0,0.2119110105771703,0.7272727272727273,6791.468397447913,0.80,True
109,dim_draw,0.6210061965639402,0.8888888888888891,0.8519496526456577,0.9726027397260274,0.7376999631780418,0.3911823590366808,0.7712236718210819,0.5,1.0,0.2003084041924437,0.6363636363636364,6951.1443793750395,3.25,True
109,dim_flux,0.6037005034126027,0.7593047484984669,0.8942126843389158,0.9726027397260274,0.8912208715073181,0.3507465453702345,0.7676828592847655,0.5,1.0,0.211911030686278,0.7272727272727273,6822.3080878594155,0.92,True
110,hand_drawn,0.3324581911747833,0.5,0.8237918088252166,0.9452054794520548,0.860561656594962,0.3879554039197689,0.6406267052278374,0.3043478260869565,1.0,0.1240347345892084,0.6363636363636364,9003.35858130548,0.0,True
110,sup_inf_attribute,0.5627458911728775,0.9741594430892052,0.8718927687582134,0.9726027397260274,0.8594502625178019,0.3570830567296431,0.7299524747979658,0.4634146341463415,1.0,0.2397027366080232,0.7272727272727273,6367.114297221634,3.94,True
110,sup_inf_doubly,0.5210407197337906,0.931153685651012,0.8902245854358343,0.9726027397260274,0.8742658320726362,0.3393140438450798,0.7372670448419942,0.4634146341463415,1.0,0.2508219948355806,0.7272727272727273,6193.668326912629,3.80,True
110,dim_draw,0.4660074376696128,0.8999999999999997,0.8682589495702199,0.9726027397260274,0.7903907723251997,0.3135381526485812,0.7235171006723515,0.4634146341463415,1.0,0.1767766952966368,0.6363636363636364,6236.132456333482,5.23,True
110,dim_flux,0.5198026038392838,0.945618060017196,0.8920103166317067,0.9726027397260274,0.8706568266237781,0.3454804063002353,0.7353184231095018,0.4634146341463415,1.0,0.2516179500760409,0.7272727272727273,6168.338274506628,4.00,True
111,hand_drawn,0.6,0.75,1.0,0.979591836734694,0.8825495807590726,0.2941176470588235,0.7591981866331821,0.4565217391304347,1.0,0.2425356250363329,0.8181818181818181,8804.193093285065,0.0,False
111,sup_inf_attribute,0.6864443496801487,0.9454045293470548,0.8956382033750355,0.979591836734694,0.889352944897509,0.3642371752082287,0.7774771911073127,0.4888888888888889,1.0,0.2311208775271147,0.8181818181818181,7748.227803703756,1.65,True
111,sup_inf_doubly,0.6652542089608843,0.9743278650410684,0.8892405984792086,0.979591836734694,0.8831221213632356,0.3648014161086648,0.7783489072250299,0.5227272727272727,1.0,0.2320090440876922,0.8181818181818181,7630.809562148535,1.92,True
111,dim_draw,0.6030684900728487,0.9090909090909092,0.8415170001607395,0.979591836734694,0.7872234804475601,0.2702948918056483,0.7747379972966464,0.5581395348837209,1.0,0.1801509396444179,0.6363636363636364,7670.59107285894,3.34,True
111,dim_flux,0.6646037599107083,0.9845955810025814,0.8891879591009543,0.979591836734694,0.8832733034904279,0.3688986202836131,0.7783568939782747,0.5227272727272727,1.0,0.2320044510163435,0.8181818181818181,7586.512275817809,1.97,True
112,hand_drawn,0.5535714285714286,0.75,1.0,0.971830985915493,0.8811616806433209,0.3,0.7280270356168984,0.3571428571428571,1.0,0.2425356250363329,0.8181818181818181,11909.673790950821,0.0,False
112,sup_inf_attribute,0.6053299081979998,0.9066935320623296,0.8956405461121392,0.971830985915493,0.8519027992373032,0.3289012290228639,0.7379113686430674,0.4074074074074074,1.0,0.2364433906783262,0.8181818181818181,10958.202403798276,1.08,True
112,sup_inf_doubly,0.6053299099964651,0.9060315837334686,0.895640540127723,0.971830985915493,0.8519028043421645,0.327629543725228,0.7379113728282124,0.4074074074074074,1.0,0.2364433986104811,0.8181818181818181,10965.221303076942,1.07,True
112,dim_draw,0.6239894574895773,0.9166666666666666,0.8310843476758204,0.971830985915493,0.7863309722415701,0.2675498368360174,0.7453336650056049,0.52,1.0,0.2236067977499788,0.9090909090909092,11196.401560827615,3.35,True
112,dim_flux,0.6053299094434219,0.8934705208779234,0.8956405421747314,0.971830985915493,0.8519028047875102,0.30320476893596,0.7379113717790433,0.4074074074074074,1.0,0.2364433980140978,0.8181818181818181,11086.778640847568,1.14,True
113,hand_drawn,0.4262081911747833,0.75,1.0,0.9726027397260274,0.8188053913598987,0.3333333333333333,0.6646881087081984,0.3333333333333333,1.0,0.2425356250363329,0.7272727272727273,7413.212981978593,0.0,True
113,sup_inf_attribute,0.4955435030095356,0.94545750984722,0.9252779538431668,0.9726027397260274,0.8271743995266679,0.4570815651547846,0.6807047699804843,0.3953488372093023,1.0,0.2519456887321538,0.6363636363636364,6377.645349208545,2.34,True
113,sup_inf_doubly,0.4855137315707256,0.989843363890922,0.9045533554387658,0.9726027397260274,0.837071798518354,0.4142037727457542,0.686551652039448,0.3333333333333333,1.0,0.2537494013393635,0.7272727272727273,6247.140586395352,3.11,True
113,dim_draw,0.4837722025697697,0.8181818181818178,0.8845682464947822,0.9726027397260274,0.7510313401616413,0.3624365610637602,0.6498560943418441,0.3953488372093023,1.0,0.1623858625527418,0.6363636363636364,6356.645061902998,4.71,True
113,dim_flux,0.4489942426460301,0.9629298561334816,0.9500517869867644,0.9726027397260274,0.8459380829496612,0.4518919576826226,0.6857645490170483,0.3333333333333333,1.0,0.2735869752947614,0.7272727272727273,6261.258213426358,3.83,True
114,hand_drawn,0.5409665529398267,0.75,1.0,0.979591836734694,0.8815647294317276,0.3182156193763685,0.7158520627477758,0.3958333333333333,1.0,0.2425356250363329,0.8181818181818181,8761.651222460512,0.0,False
114,sup_inf_attribute,0.6640565293073167,0.9281584870092824,0.9925721968330584,0.979591836734694,0.8821222213792898,0.4708104572933855,0.7306153073574598,0.34,1.0,0.2566570203874082,0.8181818181818181,7663.720231738182,2.68,True
114,sup_inf_doubly,0.6671348543901542,0.9405700003167,0.9198142238424928,0.979591836734694,0.8731789305395125,0.4210243342480124,0.7348429221624289,0.425531914893617,1.0,0.2486588699876643,0.7272727272727273,7601.038027706089,2.31,True
114,dim_draw,0.6148702343308997,0.8333333333333334,0.8519496526456578,0.979591836734694,0.7653396256547964,0.3203652308033533,0.7144943152834524,0.4565217391304347,1.0,0.1660909597074798,0.7272727272727273,7766.890012988531,4.14,False
114,dim_flux,0.6709293200867009,0.9713774025460103,0.9306066447021194,0.979591836734694,0.8766400588522364,0.4385446952510163,0.735060023653082,0.425531914893617,1.0,0.2548910889822984,0.8181818181818181,7588.774211333179,2.76,True
115,hand_drawn,0.4574581911747833,0.75,1.0,0.979591836734694,0.8585440749052563,0.3423135916939137,0.7023286497733933,0.3673469387755102,1.0,0.2425356250363329,0.8181818181818181,9082.364321786079,0.0,True
115,sup_inf_attribute,0.5153365936996621,0.9995435223336456,0.9868668411393822,0.979591836734694,0.8850525095041315,0.4529100940186069,0.7297289986732318,0.3958333333333333,1.0,0.274385272525989,0.7272727272727273,7709.379098398974,3.24,True
115,sup_inf_doubly,0.520033537773003,0.9796850908682174,0.941214904473764,0.979591836734694,0.8713696792188318,0.463467161244945,0.7363669724084192,0.3958333333333333,1.0,0.2707548437925482,0.8181818181818181,7485.617169920166,3.29,True
115,dim_draw,0.4599557505157475,0.8333333333333334,0.8682589495702198,0.979591836734694,0.7578129015443489,0.2914293113543122,0.689900978495485,0.3958333333333333,1.0,0.1497123679040855,0.6363636363636364,7725.774805414139,4.86,True
115,dim_flux,0.4753314419949929,0.920574522378085,0.9352252935904064,0.979591836734694,0.8528549122550115,0.3877980507602145,0.7277169687886748,0.34,1.0,0.2507341035545139,0.7272727272727273,7259.313919771765,4.12,True
116,hand_drawn,0.4686183161795637,0.8,0.8819331058796535,0.9647887323943662,0.7293682155292983,0.3590334470601732,0.6272388677130113,0.3818181818181818,1.0,0.196116135138184,0.7272727272727273,10258.184725874069,0.0,False
116,sup_inf_attribute,0.4544384096546588,0.9578291207729686,0.8736975771961418,0.9647887323943662,0.7900267976711641,0.3500855180600137,0.6626437597358144,0.3103448275862069,1.0,0.2153196376268571,0.8181818181818181,11767.141116593695,4.85,True
116,sup_inf_doubly,0.4342948397350018,0.9610180346640024,0.871812187838716,0.9647887323943662,0.8050699639848455,0.3455999787418971,0.6694628642846163,0.288135593220339,1.0,0.2054222224214558,0.7272727272727273,11462.22881992659,4.38,True
116,dim_draw,0.5342556420417792,0.846153846153846,0.8175462394834585,0.9577464788732396,0.7411465378527891,0.3188800586874993,0.6882845460423213,0.4339622641509434,1.0,0.1528321439801739,0.8181818181818181,11619.033935874488,6.10,True
116,dim_flux,0.4600197806704605,0.874499433926483,0.9329413024772276,0.9577464788732396,0.8236548320203052,0.264323880364108,0.6838577954168875,0.4074074074074074,1.0,0.1732489087046586,0.8181818181818181,13412.010944261205,7.41,True
117,hand_drawn,0.5659665529398267,0.75,1.0,0.984251968503937,0.8654159352493814,0.3373508173367509,0.7453275497644188,0.3962264150943396,1.0,0.2425356250363329,0.9090909090909092,10840.746711460817,0.0,False
117,sup_inf_attribute,0.690289593548882,0.963133374488956,0.9697062062530212,0.984251968503937,0.9179420507921224,0.4677955527120125,0.7796145009909284,0.4230769230769231,1.0,0.2697213050938193,0.8181818181818181,9326.632433057053,3.45,True
117,sup_inf_doubly,0.6264916994593583,0.8656284657422727,0.986653632198638,0.984251968503937,0.8856076551147951,0.412107367955317,0.7739506656712789,0.4509803921568627,1.0,0.239466209727504,0.9090909090909092,9847.523101562894,2.74,True
117,dim_draw,0.609533748116089,0.846153846153846,0.841517000160739,0.984251968503937,0.764513043438704,0.279770325022644,0.7362834766316005,0.5102040816326531,1.0,0.1377610329149032,0.6363636363636364,9475.38762822644,4.49,True
117,dim_flux,0.6878543084687901,0.965565537866522,0.9672910086293894,0.984251968503937,0.8855700579652638,0.4729038986677452,0.778820191396544,0.4230769230769231,1.0,0.2607801256080412,0.9090909090909092,9109.44540000245,3.46,True
118,hand_drawn,0.5471189663855904,0.75,1.0,0.9772727272727272,0.8664100430076207,0.3368029786090121,0.7249043363947913,0.3174603174603174,1.0,0.2425356250363329,0.7142857142857142,14192.062488564785,0.0,False
118,sup_inf_attribute,0.6207128317709559,0.8881842563824212,0.8185852308321937,0.9772727272727272,0.8624738925477433,0.3925213171810774,0.7444428200649432,0.4310344827586206,1.0,0.2044807844990372,0.8571428571428572,13411.072717569346,2.62,True
118,sup_inf_doubly,0.6199529792631564,0.8476009835333407,0.902082091853909,0.9772727272727272,0.8633806399135702,0.3770083789292694,0.7427568802219938,0.3387096774193548,1.0,0.207594856264519,0.7857142857142857,13464.409877590055,2.61,True
118,dim_draw,0.6428591823837646,0.8571428571428571,0.8147750507512586,0.9772727272727272,0.758838794137083,0.2743849003426759,0.7257729291446738,0.4561403508771929,1.0,0.1274754878398195,0.7142857142857142,13500.14007435121,3.95,True
118,dim_flux,0.6194746010656107,0.8653823896787486,0.906125551322681,0.9772727272727272,0.8624583576828915,0.3764371795618292,0.7428549544851958,0.3387096774193548,1.0,0.2094916848148516,0.7857142857142857,13432.523579843813,3.19,True
119,hand_drawn,0.3753995498268014,1.0,0.8864001547918942,0.9647887323943662,0.7601907370077533,0.3258487742714486,0.6542879038094692,0.3333333333333333,1.0,0.2425356250363329,0.8181818181818181,11734.359839014565,0.0,False
119,sup_inf_attribute,0.4095692211899947,0.9260654123445082,0.8703788443648082,0.9647887323943662,0.8389740269300694,0.4183794654529398,0.6851150252881567,0.288135593220339,1.0,0.1874072983324869,0.8181818181818181,10686.57305865899,2.39,True
119,sup_inf_doubly,0.3972402783894646,0.901760783338972,0.8720010110976915,0.9647887323943662,0.8409560031466251,0.4257017001936923,0.6974197492394896,0.3103448275862069,1.0,0.2292406548118431,0.9090909090909092,9899.963773454529,4.01,True
119,dim_draw,0.3152206345180991,0.846153846153846,0.8863404335130948,0.9647887323943662,0.7413280977981355,0.3127859431062429,0.6769047857729356,0.4074074074074074,1.0,0.1510779149200995,0.5454545454545454,10323.096202996734,3.79,True
119,dim_flux,0.4004332830715567,0.9080984803926478,0.8761629767412838,0.9647887323943662,0.8441715968494715,0.436133917575572,0.6974307113564515,0.3103448275862069,1.0,0.2265968709479504,0.9090909090909092,9918.86970195573,3.95,True
120,hand_drawn,0.3443617745176776,1.0,0.8665958067294379,0.96045197740113,0.7154922686358416,0.2869550107007089,0.6762032406493366,0.4067796610169492,1.0,0.2,0.6428571428571428,14736.75905221632,0.0,True
120,sup_inf_attribute,0.3686689333629215,0.9512347776018152,0.8473211990886351,0.96045197740113,0.819185865429936,0.3545482819328776,0.6739430656445458,0.2769230769230769,1.0,0.2175391224833459,0.7142857142857142,14382.589685805731,2.06,True
120,sup_inf_doubly,0.563500180178383,0.967317204676776,0.8821171097568995,0.96045197740113,0.7882140297826096,0.3097918957497454,0.704216346673461,0.4067796610169492,1.0,0.1803878248484904,0.6428571428571428,13909.644926344088,3.28,True
120,dim_draw,0.5740285781122518,0.8571428571428571,0.7989135326689655,0.96045197740113,0.7371761980576674,0.3277999082382087,0.6964258017498769,0.4310344827586206,1.0,0.1414213562373094,0.7142857142857142,13939.74816151328,3.44,True
120,dim_flux,0.5625534320376124,0.967947534209349,0.8826437565305267,0.96045197740113,0.7880520867192944,0.3338430082894283,0.704315362519929,0.3833333333333333,1.0,0.1801776694945889,0.6428571428571428,13834.709348567767,3.42,True
121,hand_drawn,0.2951672353008666,1.0,0.8457993176389601,0.9481865284974094,0.7306967202345511,0.3137070098924699,0.6481566884450847,0.3934426229508196,1.0,0.2,0.6428571428571428,15839.787338218714,0.0,True
121,sup_inf_attribute,0.279184872312886,0.9673443993291372,0.8436823590927904,0.9481865284974094,0.75103976404253,0.3084469680856078,0.6447199644674555,0.3709677419354839,1.0,0.1597656363306655,0.7142857142857142,15641.607572179337,1.41,True
121,sup_inf_doubly,0.260396476592312,0.9617976334116446,0.8678287963017037,0.9481865284974094,0.769851788094057,0.3220690290679479,0.6595128661771663,0.3709677419354839,1.0,0.1754545473032475,0.8571428571428572,14686.858033926463,3.59,True
121,dim_draw,0.2201159216270991,0.7999999999999999,0.8341974907109659,0.9378238341968912,0.7536752867834777,0.2642289705358461,0.6480509925882925,0.3076923076923077,1.0,0.1332593209305538,0.6428571428571428,14174.54954554319,3.73,False
121,dim_flux,0.345306027808745,0.9449013661919414,0.8022051458451809,0.9430051813471504,0.8051257872126096,0.4205710879104445,0.6548808922086032,0.2686567164179104,1.0,0.1915586678172914,0.7142857142857142,14020.402668844477,4.18,True
122,hand_drawn,0.5213882636483353,1.0,0.8864001547918942,0.9715909090909092,0.8080409400718942,0.3376956672881477,0.7264941384972841,0.3833333333333333,1.0,0.25,0.8571428571428572,13417.599778860531,0.0,True
122,sup_inf_attribute,0.5778201399655756,0.9927731488035316,0.8771719522448767,0.9715909090909092,0.8982966416962799,0.4487788548787187,0.734515053658608,0.3174603174603174,1.0,0.2249123301930353,0.8571428571428572,12784.010875371225,1.20,True
122,sup_inf_doubly,0.5650247460281721,0.978756018265354,0.8882994728261389,0.9715909090909092,0.8938816621818054,0.4405812413418296,0.7371860427380975,0.296875,1.0,0.2372174281668023,0.8571428571428572,12360.677666376345,1.87,True
122,dim_draw,0.4636412669776067,0.8571428571428571,0.8821673725191271,0.9715909090909092,0.7463083351453437,0.3491951787377293,0.7133201535049696,0.509090909090909,1.0,0.1414213562373094,0.7142857142857142,12603.66350775676,2.69,True
122,dim_flux,0.5669527030897756,0.9752630024733816,0.8892952126525797,0.9715909090909092,0.8950056989219174,0.4461490109134732,0.7374124132314896,0.296875,1.0,0.2371881004291377,0.8571428571428572,12309.104711780697,1.91,True
123,hand_drawn,0.5474576768307522,1.0,0.8562712825157913,0.9658119658119658,0.8088807816312217,0.333665355009981,0.7095059379647135,0.3333333333333333,1.0,0.25,0.9285714285714286,16923.77894458594,0.0,True
123,sup_inf_attribute,0.5496105968514927,0.9335330425367762,0.8336567885171748,0.9658119658119658,0.8453902349249153,0.3763431852944825,0.7112285420034059,0.3142857142857143,1.0,0.2206418458686078,0.9285714285714286,17296.398840856218,0.92,True
123,sup_inf_doubly,0.5412464234368111,0.9388438526391968,0.8395414650217848,0.9658119658119658,0.8449809428137454,0.3657742122230003,0.7119264535788237,0.3142857142857143,1.0,0.2046944964733944,0.9285714285714286,17254.846072544213,1.01,True
123,dim_draw,0.5137532644626055,0.8666666666666664,0.8506261597820224,0.9658119658119658,0.7365315175387265,0.3019950820519216,0.7011270132226695,0.4375,1.0,0.1315191898442859,0.7857142857142857,17334.460741789117,2.65,False
123,dim_flux,0.5373252108662525,0.931610264549372,0.838816922314116,0.9658119658119658,0.8464742203918915,0.3631737034606863,0.7123594659499167,0.3142857142857143,1.0,0.2008171080972144,0.7857142857142857,17196.032587083046,1.59,True
124,hand_drawn,0.353575934428649,1.0,0.8902609622674951,0.9529914529914528,0.7850554965412496,0.2282679916792547,0.6721367375905452,0.3333333333333333,1.0,0.1428571428571428,0.8571428571428572,19295.992355486942,0.0,True
124,sup_inf_attribute,0.3462640068807802,0.9925528933608668,0.8486386724043813,0.9444444444444444,0.7710594735232434,0.2406777344480943,0.6663046119090997,0.373134328358209,1.0,0.1477858894950692,0.8571428571428572,19509.82258508673,8.21,True
124,sup_inf_doubly,0.4316776899239719,0.9667682363043328,0.8618687732921422,0.9529914529914528,0.7685022461601378,0.3342650136536808,0.6876526557471883,0.373134328358209,1.0,0.1584137485024369,0.7142857142857143,17951.92471285019,2.16,True
124,dim_draw,0.4220175752082328,0.8124999999999999,0.831117935012534,0.9529914529914528,0.7199020628328677,0.351898720184931,0.6812690477929413,0.4375,1.0,0.1249999999999999,0.5714285714285714,18053.58719512628,3.14,True
124,dim_flux,0.4315656827527427,0.9672899395561684,0.8619900589289713,0.9529914529914528,0.7681976416232186,0.3340540540302154,0.6877235879340474,0.373134328358209,1.0,0.15909417467333,0.7142857142857143,17947.073167360693,2.16,True
125,hand_drawn,0.4077935945601254,1.0,0.8897046388357699,0.9533333333333334,0.7815462531857365,0.196112491332557,0.6756089982063636,0.3116883116883117,1.0,0.1428571428571428,0.9285714285714286,23497.60016837926,0.0,True
125,sup_inf_attribute,0.4541855740304193,0.8866391203059694,0.862134236391678,0.9533333333333334,0.7653390849232498,0.2954739238719815,0.682901624517435,0.3466666666666667,1.0,0.1398392730006279,0.7142857142857143,23365.37086031021,1.72,True
125,sup_inf_doubly,0.4541855740304193,0.8866391203059694,0.862134236391678,0.9533333333333334,0.7653390849232498,0.2954739238719815,0.682901624517435,0.3466666666666667,1.0,0.1398392730006279,0.7142857142857143,23365.37086031021,1.72,True
125,dim_draw,0.4613603390554002,0.8235294117647058,0.8183847459315853,0.9533333333333334,0.7103627831135396,0.2997179570915858,0.6726719990610075,0.4027777777777778,1.0,0.158318738049644,0.7142857142857143,23541.113376249952,3.15,True
125,dim_flux,0.4539703607771405,0.887030617224486,0.8620055795409336,0.9533333333333334,0.7652282820511382,0.2984023031274809,0.6829315591069064,0.3466666666666667,1.0,0.1398450922524887,0.7142857142857143,23338.2308608108,1.80,True
126,hand_drawn,0.4683554612394642,1.0,0.8933763734851554,0.95,0.7815462531857365,0.1961124913325569,0.6753839843338638,0.3617021276595745,1.0,0.1428571428571428,0.6666666666666667,29135.713612307813,0.0,True
126,sup_inf_attribute,0.4838911618901264,0.8909313033160513,0.8637411723652706,0.95,0.7663869425621376,0.2804747543806398,0.6792328268297492,0.391304347826087,1.0,0.1385033698534104,0.6,29426.80143423926,0.97,True
126,sup_inf_doubly,0.4838911596351344,0.8909312986007636,0.8637411742426195,0.95,0.7663869442044812,0.2804747518322259,0.6792328266300458,0.391304347826087,1.0,0.1385033689744099,0.6,29426.801536494528,0.97,True
126,dim_draw,0.5341841499281585,0.8333333333333333,0.8322259447220025,0.95,0.7166365803419132,0.2619411800212512,0.6706498157925032,0.391304347826087,1.0,0.1666666666666666,0.6,29602.858470395815,2.51,True
126,dim_flux,0.4838911556952348,0.8909312813316289,0.8637411768831817,0.95,0.7663869527626347,0.2804747499377562,0.679232825168095,0.391304347826087,1.0,0.1385033565863126,0.6,29426.80190983704,0.97,True
forum_romanum,hand_drawn,0.5644998534530152,0.5,1.0,0.9896640826873384,0.8145022791843171,0.4297417653002755,0.7342292204207428,0.2795698924731182,1.0,0.0830454798537399,0.6842105263157895,19373.094989675206,0.97,True
forum_romanum,sup_inf_attribute,0.5624543254435652,0.7955873736746163,0.8755435094463561,0.9819121447028424,0.8097742665063994,0.3028379838393205,0.6991320808002394,0.2934782608695652,1.0,0.1162136693720226,0.631578947368421,19780.532684669248,7.42,True
forum_romanum,sup_inf_doubly,0.6156922645992108,0.573061128592777,0.851790559630063,0.9896640826873384,0.8315127927092489,0.4393506005664683,0.7538226096777602,0.3222222222222222,1.0,0.0996869913119588,0.736842105263158,19015.34109879127,1.67,True
forum_romanum,dim_draw,0.7221726502923504,0.857142857142857,0.766146597668047,0.9896640826873384,0.6699484382133335,0.4312883795434925,0.708001678650643,0.3837209302325581,1.0,0.047498033325273,0.5789473684210527,18586.58557905068,7.38,True
forum_romanum,dim_flux,0.6175529513978131,0.641106058074127,0.8595773656036935,0.9896640826873384,0.8308660294228001,0.4218732647612956,0.7543761208591422,0.3222222222222222,1.0,0.0941732490795547,0.736842105263158,18442.63789320224,2.73,True
living_beings_and_water,hand_drawn,0.5194500228996077,0.8888888888888888,0.8993125286245097,0.9807692307692308,0.7376597628056875,0.3634943337050087,0.6895469141390489,0.3010752688172043,1.0,0.1212678125181665,0.6842105263157895,15981.070744693514,2.73,True
living_beings_and_water,sup_inf_attribute,0.771540330176844,0.7987708880879579,0.9026167237881207,0.9807692307692308,0.7224006262150781,0.48742124991267,0.6491669825226118,0.3595505617977528,1.0,0.1061949214452564,0.631578947368421,16052.905861511996,7.53,True
living_beings_and_water,sup_inf_doubly,0.543847748182439,0.8877169369913126,0.8810844785460905,0.9855769230769232,0.7292039728197477,0.2843305131800788,0.6890100973525901,0.4404761904761904,1.0,0.1346369365602808,0.5789473684210527,16031.493636931957,3.78,True
living_beings_and_water,dim_draw,0.7073864519201828,0.7199999999999999,0.7051549725755678,0.9879807692307692,0.6512080899772842,0.3254913933825656,0.6489849422075973,0.4404761904761904,1.0,0.0720966076293977,0.4736842105263158,16279.52236323781,5.68,True
living_beings_and_water,dim_flux,0.6737014722201394,0.9937870637211432,0.5687838879771592,0.9855769230769232,0.6983114352794109,0.4231476784577169,0.6901525944357974,0.4069767441860465,1.0,0.1121207134872136,0.6842105263157895,16108.448761088996,10.38,True
drive_concepts,hand_drawn,0.6036554795797562,0.84,0.7381369204112549,0.968075117370892,0.6696286012031312,0.3233605458888319,0.6472800736660744,0.4,0.9999975110751406,0.0794301470789537,0.5652173913043479,38116.83531400709,10.38,False
drive_concepts,sup_inf_attribute,0.6096430683998808,0.9639349033008594,0.8413904723270191,0.968075117370892,0.727937184486483,0.3128406932071423,0.6678573075227163,0.3517241379310344,1.0,0.1148112373173394,0.6956521739130435,39328.288083561245,10.72,True
drive_concepts,sup_inf_doubly,0.5946890307617472,0.9546869695248638,0.7995663597130909,0.9661971830985916,0.7674481919141746,0.2962552988621114,0.6709377475794431,0.2894736842105263,1.0,0.1037171964220379,0.6956521739130435,37502.349674685654,13.81,True
drive_concepts,dim_draw,0.6808494715364711,0.793103448275862,0.7446032734785659,0.9661971830985916,0.7037082198129517,0.3800790178850219,0.6552412819478775,0.3517241379310344,0.9971634202111372,0.0684686629662045,0.6956521739130435,33923.471818428,8.82,False
drive_concepts,dim_flux,0.5823192663798011,0.9151016914833074,0.8514684130862346,0.9661971830985916,0.7437155222578097,0.2961409561936956,0.676500831050476,0.3517241379310344,1.0,0.090784777468308,0.6956521739130435,30720.414705952753,10.32,True
triangles,hand_drawn,0.7375,0.8571428571428571,1.0,0.986910994764398,0.7181518713838205,0.2961506110065635,0.638593242123276,0.2888888888888888,1.0,0.1428571428571428,0.631578947368421,19734.95302046771,10.32,True
triangles,sup_inf_attribute,0.9068086787975947,0.913817489483917,0.8239249774070746,0.9842931937172776,0.802496450114066,0.4674642968357155,0.6885151684613933,0.3809523809523809,1.0,0.1184970403006119,0.736842105263158,14295.038443756435,9.54,True
triangles,sup_inf_doubly,0.7313975014133051,0.8889579776162889,0.8409346185932437,0.9842931937172776,0.8250182007527667,0.4237139343915003,0.7173904285313648,0.3647058823529411,1.0,0.1604886849367194,0.7894736842105263,13856.981916445226,8.31,True
triangles,dim_draw,0.8435255791308446,0.7391304347826085,0.7743736581996484,0.986910994764398,0.7390678366525739,0.3271994997636852,0.6901396394278397,0.3809523809523809,1.0,0.0779225834090335,0.736842105263158,13499.275615121242,8.59,True
triangles,dim_flux,0.6924439634840339,0.9826201414504926,0.877685872846676,0.986910994764398,0.8311603763477562,0.3518852850047339,0.7245905462843059,0.3488372093023256,1.0,0.1628457504368325,0.736842105263158,12742.921725998045,12.57,True
convex_ordinal,hand_drawn,0.5069198267680473,0.8888888888888888,0.9138497899054552,0.9798361688720856,0.7515038739644826,0.1963847060170733,0.693320416837158,0.2589641434262948,1.0,0.1111111111111111,0.6341463414634146,121238.11443279657,12.57,True
convex_ordinal,sup_inf_attribute,0.5602899637624135,0.8211133187104444,0.6879326501598864,0.960932577189666,0.7619672816516032,0.4051560969351433,0.5919874998107786,0.174721189591078,0.9723517147791236,0.0278409535987406,0.5121951219512195,175416.2005635102,17.58,True
convex_ordinal,sup_inf_doubly,0.3723364659579419,0.6474307009229447,0.7201366255618687,0.9344675488342784,0.8476276061666388,0.3609782424868717,0.5866289925104009,0.1285714285714285,0.9427066700597204,0.016522228096838,0.5609756097560976,208078.8911454195,24.33,True
convex_ordinal,dim_draw,0.6176513011561431,0.6666666666666665,0.7634864446868974,0.9798361688720856,0.6907160129547635,0.2336635405867827,0.6628773771593628,0.3389830508474576,0.9999870896875674,0.0667694680641478,0.5853658536585367,93074.7951740006,15.37,True
convex_ordinal,dim_flux,0.635467189604173,0.806875844865488,0.8149042124757807,0.9798361688720856,0.7194186169278065,0.2860033161520076,0.6817431716564961,0.3057851239669421,0.9921903778950636,0.0587292779231992,0.6829268292682926,90184.78858609099,9.65,True